epoch,loss_discriminator,loss_generator,params_generator,rel_entropy
0,0.66,0.6377,"[2.57023826 4.47599218 0.05070149 1.84963379 0.97198504 0.63013795
 1.12031271 2.22121101 2.44296879 3.33551302 2.58394406 4.35461377]",1.8696
1,0.6609,0.7015,"[2.52024792 4.42605282 0.10068951 1.79964974 1.02189932 0.68010866
 1.07031672 2.27120369 2.39297273 3.28553078 2.53401357 4.30939141]",1.5941
2,0.6584,0.7277,"[2.47025896 4.37616099 0.15067945 1.74966517 1.02789056 0.73007515
 1.02032068 2.32119697 2.34297663 3.23554445 2.53001413 4.25945799]",1.3382
3,0.6626,0.7371,"[2.42027255 4.32628927 0.20066959 1.69968247 0.97793046 0.78002095
 0.9703255  2.37118789 2.29298152 3.18555674 2.57998154 4.20949151]",1.0878
4,0.6614,0.7262,"[2.37029009 4.27635345 0.25065916 1.64970943 0.92795143 0.77202764
 0.92033226 2.42116949 2.24298908 3.13557014 2.62996516 4.15951955]",0.8843
5,0.665,0.7434,"[2.32031409 4.22639395 0.30064797 1.59979381 0.87796839 0.72207053
 0.8703434  2.43124868 2.19300492 3.08558614 2.67995264 4.1095455 ]",0.7036
6,0.6703,0.7175,"[2.27035146 4.17642479 0.35063645 1.59154058 0.82798358 0.67209388
 0.82036787 2.38127703 2.15498023 3.03560418 2.72994178 4.05957144]",0.5246
7,0.6704,0.7147,"[2.22040297 4.12645114 0.40062525 1.58559094 0.77800007 0.6221126
 0.7704247  2.33129365 2.19875521 2.98562262 2.77993083 4.00960293]",0.3968
8,0.6746,0.6961,"[2.17045859 4.07647489 0.45061428 1.58209194 0.72802307 0.57212889
 0.72052547 2.2813087  2.24864923 2.9356419  2.82991783 3.96559287]",0.3074
9,0.685,0.7048,"[2.12053202 4.02650001 0.50060316 1.57308024 0.67805951 0.52214466
 0.67067121 2.23132526 2.27676202 2.88566126 2.87990093 3.98219364]",0.2493
10,0.6887,0.7108,"[2.07064562 3.97654009 0.55059102 1.54523467 0.62812202 0.47216247
 0.63020241 2.18134483 2.26845078 2.83567982 2.92987724 4.03197961]",0.2263
11,0.6924,0.6919,"[2.02081512 3.93452871 0.60057593 1.52230148 0.57831762 0.42218598
 0.66798999 2.1313688  2.22266198 2.78569873 2.97983888 4.07958507]",0.2345
12,0.6937,0.6896,"[2.01208812 3.98419155 0.65055611 1.53975149 0.52902797 0.37221965
 0.71775066 2.08140168 2.17281349 2.73571833 3.02977746 4.12372782]",0.2579
13,0.6974,0.679,"[2.05468468 4.03406054 0.70052796 1.57719677 0.48825037 0.32228253
 0.7674035  2.03145396 2.12290077 2.6857396  3.07967785 4.14550815]",0.3001
14,0.6936,0.6861,"[2.10430086 4.08391208 0.75047967 1.62690062 0.46833002 0.29350163
 0.81662191 1.98157176 2.07296431 2.63576369 3.12937714 4.16203805]",0.3364
15,0.6964,0.6875,"[2.15389027 4.13310639 0.80038434 1.67671006 0.44303474 0.3431829
 0.8419802  1.93180978 2.0230321  2.58579066 3.13959511 4.21158591]",0.3381
16,0.6955,0.6806,"[2.20337589 4.14967056 0.84754643 1.72656865 0.39381901 0.39307492
 0.86945988 1.88214012 1.97311102 2.53581944 3.11277125 4.24749327]",0.3342
17,0.6982,0.6931,"[2.22878411 4.10533068 0.80989979 1.77647462 0.34455359 0.44299378
 0.91190341 1.83248565 1.92319842 2.48584976 3.07903149 4.22160382]",0.2912
18,0.7,0.6985,"[2.2107209  4.06185197 0.7602973  1.82634974 0.29478325 0.49291368
 0.95480223 1.78257884 1.87328995 2.43588349 3.03526249 4.18191423]",0.2471
19,0.6977,0.6816,"[2.1757414  4.03490912 0.71302499 1.83615584 0.24494366 0.54280164
 0.97562088 1.73263954 1.82341205 2.38593532 2.99363199 4.17246933]",0.2124
20,0.6976,0.6795,"[2.13015351 4.05630769 0.69773426 1.7949975  0.19519113 0.58255617
 0.970129   1.68268984 1.77710206 2.3360515  2.9439745  4.21704055]",0.1925
21,0.6941,0.6801,"[2.11346753 4.05703456 0.66520143 1.7785247  0.14602467 0.61490433
 0.98332467 1.634907   1.76112436 2.28674712 2.89512487 4.24518276]",0.1939
22,0.6987,0.6996,"[2.15831962 4.00736532 0.61554271 1.78609915 0.10215938 0.66467221
 1.03257031 1.68480684 1.79948388 2.31973895 2.94416804 4.28241736]",0.2172
23,0.6953,0.7079,"[2.16169843 3.9574586  0.58172834 1.74421184 0.05232033 0.71422634
 1.06218141 1.73456472 1.83520634 2.36935133 2.9940314  4.33227676]",0.288
24,0.6953,0.7085,"[2.12917368 3.965382   0.59853802 1.74086624 0.05982869 0.69826484
 1.03820065 1.71876987 1.81944717 2.41882299 2.98652201 4.32440839]",0.2317
25,0.6992,0.6866,"[2.07989788 4.01514971 0.6447644  1.72230911 0.1095399  0.64846934
 0.98867396 1.66887131 1.80738622 2.46832985 2.93674133 4.28523242]",0.1382
26,0.6938,0.6953,"[2.07336789 4.01680636 0.6426019  1.68318483 0.11484427 0.6465025
 0.97869145 1.66901242 1.85590115 2.51807006 2.93042198 4.31021232]",0.1383
27,0.6952,0.7041,"[2.10897898 3.96693352 0.59327854 1.64115744 0.06519492 0.68201492
 1.0168987  1.71858023 1.9056654  2.56788092 2.98003729 4.36007636]",0.2524
28,0.6925,0.72,"[2.08068278 3.96101274 0.616884   1.59181639 0.06125622 0.65014323
 0.98906573 1.69654174 1.91401562 2.61769458 2.97190013 4.37897407]",0.2536
29,0.6956,0.6675,"[2.03693518 3.99553192 0.65859325 1.54230058 0.10466777 0.60435376
 0.94525172 1.65271255 1.90379209 2.66749436 2.92253767 4.35546941]",0.1732
30,0.6952,0.687,"[2.07075868 3.94580028 0.60914431 1.51800333 0.05535525 0.64175035
 0.9809528  1.70028228 1.95342204 2.71721426 2.95127727 4.40518512]",0.3209
31,0.6956,0.6904,"[2.04876976 3.93994646 0.60424189 1.50123876 0.04971189 0.63469679
 0.96383133 1.69160991 1.95364611 2.76676513 2.93410209 4.40978643]",0.3121
32,0.6943,0.6763,"[2.0028156  3.98733036 0.64541136 1.51384488 0.09502534 0.59552979
 0.91998241 1.64773641 1.90801629 2.80444004 2.8846588  4.36270974]",0.1677
33,0.6932,0.7123,"[2.04868557 3.94164075 0.59558131 1.55990898 0.04543476 0.64538202
 0.96977055 1.69763422 1.95024387 2.75582482 2.93190984 4.40229691]",0.273
34,0.6945,0.6966,"[2.03602348 3.95513312 0.59771913 1.6019556  0.04937632 0.65156447
 0.96163513 1.69345178 1.93207691 2.70673382 2.92421773 4.37795183]",0.2062
35,0.6932,0.6952,"[1.98642555 4.00482624 0.62907743 1.62856154 0.08736432 0.64515476
 0.92370792 1.65342199 1.88251909 2.65738139 2.87510413 4.32822056]",0.0957
36,0.6929,0.7085,"[1.99334202 3.97941102 0.58310937 1.67820077 0.05729086 0.69463192
 0.9587304  1.68539106 1.90866717 2.62366648 2.89256549 4.34623365]",0.1237
37,0.6931,0.6965,"[1.98410626 3.96625966 0.55713977 1.68985884 0.03002911 0.72260451
 0.96772942 1.71138187 1.92337323 2.67291263 2.90909066 4.35380464]",0.1489
38,0.6932,0.6905,"[1.93594064 3.98231328 0.57315305 1.66938081 0.05028399 0.70278035
 0.94333694 1.69538119 1.907371   2.72259967 2.88322995 4.33587957]",0.1024
39,0.6925,0.6796,"[1.88644089 3.98638775 0.58924561 1.66008916 0.07480301 0.6811002
 0.91752034 1.675326   1.88548516 2.7712313  2.85050383 4.34065526]",0.076
40,0.6929,0.6774,"[1.83739199 3.94478448 0.54934167 1.70979835 0.02548806 0.72742609
 0.94910133 1.71518812 1.91006135 2.77376773 2.8991266  4.36918421]",0.1084
41,0.6934,0.6842,"[ 1.78769623  3.92755108  0.55564829  1.74964663 -0.01261071  0.72431778
  0.92156572  1.70519709  1.87831056  2.73408154  2.94749249  4.39875806]",0.0992
42,0.6935,0.6694,"[ 1.73786716  3.87894538  0.58553319  1.79926925 -0.06218109  0.71253517
  0.87592674  1.67952536  1.83249164  2.68883166  2.99716201  4.44797065]",0.1267
43,0.6937,0.704,"[ 1.72621543  3.82934333  0.55165195  1.84905121 -0.1117302   0.7522449
  0.9045116   1.71354347  1.86017059  2.70214499  3.02030293  4.42499546]",0.1859
44,0.6938,0.6991,"[ 1.69228158  3.83794698  0.54571083  1.8967992  -0.11066899  0.77610348
  0.89464273  1.70762064  1.84811493  2.67068874  2.98394606  4.38762601]",0.1523
45,0.6939,0.6889,"[ 1.6808991   3.88770401  0.56759666  1.8653655  -0.08295051  0.76426212
  0.87273301  1.66589159  1.82216141  2.6212277   2.93449754  4.36054719]",0.1057
46,0.6929,0.7046,"[ 1.73046305  3.9374311   0.56169996  1.83609102 -0.03653364  0.78677822
  0.89672051  1.62822494  1.82816326  2.57172952  2.88479072  4.31098641]",0.0835
47,0.6939,0.6954,"[ 1.77986534  3.98688418  0.55058678  1.84132741 -0.023186    0.80286295
  0.92090901  1.62434871  1.83822563  2.52238109  2.83548521  4.27542721]",0.0931
48,0.6934,0.6955,"[ 1.81251534  4.02972535  0.55322399  1.84121082 -0.03841942  0.80866563
  0.93647855  1.59841104  1.82482955  2.47325652  2.80285383  4.28762335]",0.1101
49,0.6938,0.7095,"[ 1.78681213  4.00203167  0.5214985   1.87271784 -0.06262801  0.84230231
  0.9669522   1.62321278  1.85369559  2.45895712  2.77665565  4.26132809]",0.1351
50,0.6932,0.6846,"[ 1.77052191  3.96296923  0.54734576  1.85104342 -0.10477327  0.82042471
  0.93696744  1.59391022  1.82215846  2.4357899   2.81074997  4.29820018]",0.1275
51,0.6935,0.6552,"[ 1.72090328  3.91362067  0.56196838  1.87357715 -0.13827506  0.81840636
  0.90574419  1.5877793   1.79257963  2.48230703  2.84640659  4.32742664]",0.1311
52,0.6943,0.7111,"[ 1.67113869  3.8639962   0.51212088  1.92331629 -0.1399882   0.86811537
  0.95316489  1.63768122  1.84239949  2.53195844  2.88352907  4.28809888]",0.1482
53,0.6933,0.6937,"[ 1.62135925  3.81436787  0.51995127  1.95882149 -0.1892828   0.85686045
  0.92321498  1.64173108  1.82301309  2.58056466  2.93319993  4.3273693 ]",0.1882
54,0.6948,0.6574,"[ 1.58560415  3.79653019  0.54194674  1.9580375  -0.21972698  0.83395982
  0.89206573  1.61994498  1.79886011  2.60390335  2.96476145  4.34701722]",0.2302
55,0.6952,0.7365,"[ 1.63486292  3.8461098   0.50830905  1.95968063 -0.17411083  0.85821348
  0.91810119  1.63985131  1.82496843  2.63733114  2.91509204  4.30921826]",0.1797
56,0.6931,0.6815,"[ 1.68453945  3.8958265   0.54815172  1.9099784  -0.13901551  0.814654
  0.87857458  1.59001155  1.7852379   2.60111513  2.86549917  4.31493048]",0.1431
57,0.6937,0.6855,"[ 1.73426116  3.94550553  0.55006044  1.87243815 -0.08977761  0.80422723
  0.89459851  1.56424448  1.80477028  2.64411114  2.81577237  4.27390827]",0.1183
58,0.6933,0.689,"[ 1.74415516  3.99454881  0.52019537  1.87140334 -0.04040135  0.81963663
  0.93202489  1.57813226  1.85236878  2.6933572   2.76621318  4.23059072]",0.1266
59,0.6937,0.6928,"[ 1.74986276  3.98832862  0.51343525  1.85684438 -0.01836505  0.81405477
  0.9227406   1.58198223  1.87105028  2.74272094  2.74840116  4.22559744]",0.1302
60,0.6937,0.6832,"[ 1.76893965  3.94559626  0.53342347  1.81895436 -0.01012049  0.77708129
  0.88000873  1.56406079  1.86170544  2.79219369  2.76507271  4.23770922]",0.123
61,0.6935,0.6942,"[1.73354255 3.89752415 0.51900273 1.82553996 0.01340756 0.78152273
 0.86034692 1.58250405 1.87963274 2.8417643  2.7740719  4.22421757]",0.1457
62,0.6935,0.7064,"[1.68410631 3.84827173 0.52010391 1.82684702 0.03546758 0.7644591
 0.82543181 1.61149    1.8776671  2.89134067 2.81089774 4.24045354]",0.1685
63,0.6935,0.6918,"[1.63459361 3.79869742 0.52885293 1.83874284 0.04341889 0.72637798
 0.78794099 1.62107916 1.86011004 2.94079963 2.86002492 4.28121346]",0.2052
64,0.6942,0.7209,"[1.58508656 3.77464415 0.51478857 1.87613189 0.06064237 0.72828445
 0.78643843 1.64700563 1.86813775 2.99010358 2.86847959 4.2816969 ]",0.2563
65,0.6933,0.6871,"[1.59443246 3.74515163 0.53896443 1.85414822 0.05489233 0.70032786
 0.76279407 1.62493454 1.84624317 3.03738766 2.88066809 4.30903065]",0.287
66,0.6932,0.6714,"[1.64399539 3.78487628 0.53320931 1.81479371 0.08878666 0.71512609
 0.79250096 1.6154711  1.87590819 3.00065499 2.84095184 4.27724604]",0.2247
67,0.6932,0.7079,"[1.69358992 3.83446168 0.53516978 1.78504937 0.07784579 0.74514024
 0.82792011 1.60426236 1.90582259 2.95197363 2.79799799 4.22969829]",0.1869
68,0.6935,0.7093,"[1.74319608 3.88368749 0.54518604 1.76279477 0.06246873 0.74301547
 0.83037082 1.58663626 1.90378582 2.90265312 2.79344375 4.21624959]",0.1552
69,0.6934,0.7003,"[1.76889732 3.93160171 0.5550948  1.74925373 0.04582579 0.74618411
 0.85376252 1.57233515 1.91366426 2.85318518 2.77979197 4.20680946]",0.1342
70,0.6934,0.7201,"[1.7312934  3.89015611 0.51290996 1.79897663 0.04172357 0.79564989
 0.90344906 1.61812503 1.95893999 2.80386067 2.74881233 4.17173959]",0.1462
71,0.6928,0.7057,"[1.74933414 3.90633962 0.5288298  1.78709977 0.00662017 0.78252237
 0.89857988 1.60260242 1.94312618 2.75441984 2.7862026  4.18638358]",0.1263
72,0.6931,0.6772,"[ 1.77883469  3.91562327  0.57810198  1.75514582 -0.04196613  0.73333956
  0.8570582   1.56070782  1.89345502  2.70489032  2.83534926  4.23567262]",0.0971
73,0.6935,0.6902,"[ 1.72917033  3.86597916  0.55236591  1.80472935 -0.08527253  0.75908191
  0.88484508  1.59059479  1.91136799  2.65573811  2.88113453  4.24781421]",0.1009
74,0.6932,0.7112,"[ 1.67937319  3.81616598  0.50858208  1.85458719 -0.134856    0.8027218
  0.93020656  1.64043379  1.95520055  2.68070467  2.93082505  4.2970227 ]",0.1556
75,0.6936,0.6857,"[ 1.62951921  3.76666891  0.55847224  1.9020496  -0.1840426   0.7529135
  0.88035034  1.59060178  1.90529118  2.63594582  2.98061814  4.34684572]",0.1834
76,0.6929,0.6809,"[ 1.60991525  3.77386366  0.56638552  1.9510196  -0.17847171  0.74503738
  0.87242719  1.58660202  1.89738092  2.62959021  2.98433824  4.34620179]",0.1817
77,0.6928,0.7034,"[ 1.65940721  3.82361392  0.53812273  1.95080392 -0.12885348  0.77164171
  0.90708774  1.60129837  1.92730173  2.62718284  2.93457221  4.29642912]",0.1234
78,0.6932,0.6851,"[ 1.70914415  3.87342771  0.5699071   1.90107339 -0.07921117  0.73992798
  0.88930164  1.561527    1.89764637  2.5778217   2.88483831  4.25541685]",0.0885
79,0.6933,0.6909,"[ 1.75884969  3.92315552  0.57227577  1.85191137 -0.02969216  0.73389833
  0.91386743  1.55440085  1.91668083  2.52913739  2.83522889  4.21894265]",0.0829
80,0.6934,0.7066,"[1.78805523 3.97136818 0.56419221 1.84100183 0.0192314  0.73777255
 0.94806807 1.57247772 1.94130146 2.51147921 2.79995011 4.1863628 ]",0.0898
81,0.6933,0.7085,"[1.78216692 3.965215   0.55854773 1.84920845 0.06679366 0.73307353
 0.96830364 1.59390501 1.96279464 2.53911169 2.82682057 4.17212773]",0.0807
82,0.6931,0.6854,"[1.77582668 3.9485719  0.56259838 1.85222019 0.11522169 0.71095216
 0.96629392 1.60785853 1.9767443  2.58750947 2.84782549 4.17575875]",0.0693
83,0.693,0.685,"[1.77405361 3.91629296 0.60387974 1.83588724 0.16443065 0.66211138
 0.92308541 1.59792114 1.96205932 2.63632224 2.89353216 4.21701948]",0.0506
84,0.6933,0.6976,"[1.72457179 3.86680457 0.60346392 1.87323653 0.19930706 0.64899936
 0.897474   1.6198941  1.96584633 2.68587948 2.94207076 4.22893358]",0.0509
85,0.6936,0.6786,"[1.67485795 3.81712565 0.59218915 1.91902171 0.1616839  0.64310215
 0.84974762 1.6514387  1.96942191 2.73542968 2.99147016 4.23970028]",0.0775
86,0.6936,0.695,"[1.62512764 3.76741347 0.60318054 1.96872621 0.11251206 0.62719645
 0.81624657 1.66152661 1.95350075 2.78274274 3.04106165 4.26362644]",0.1326
87,0.6933,0.6979,"[1.59575529 3.74160668 0.61500345 1.99994324 0.10575647 0.61486683
 0.80633852 1.65963753 1.94148858 2.76326969 3.06282275 4.27749068]",0.158
88,0.693,0.6939,"[1.64536506 3.79115334 0.61898379 1.95114259 0.15521814 0.60027098
 0.85389409 1.64530167 1.96447459 2.71381039 3.01336728 4.25030863]",0.0791
89,0.6934,0.6915,"[1.69515576 3.84083698 0.62505271 1.90135294 0.20478063 0.59355348
 0.90347789 1.61422478 1.97476591 2.66416348 2.96389912 4.2372086 ]",0.046
90,0.6938,0.7142,"[1.74486116 3.89034923 0.62133858 1.86703182 0.23956521 0.60367398
 0.95296074 1.6161677  1.98674794 2.61463994 2.92880854 4.21963348]",0.0484
91,0.6932,0.6871,"[1.79424658 3.93985535 0.6238216  1.84489407 0.23744837 0.61773263
 1.00196694 1.62768152 1.99085725 2.56522045 2.96262633 4.19004132]",0.0554
92,0.6936,0.6931,"[1.81393086 3.98247739 0.60621469 1.88018575 0.19559958 0.66659277
 1.04985126 1.67729033 2.00643403 2.51629469 3.00490063 4.14070098]",0.0617
93,0.6936,0.7069,"[1.84467718 4.01856788 0.63575267 1.86607179 0.2174877  0.64857675
 1.05839994 1.66784098 1.97657829 2.46731969 2.98328014 4.14122262]",0.0809
94,0.693,0.668,"[1.87821951 4.05105797 0.66529665 1.83789661 0.25085707 0.61713575
 1.09911004 1.64959859 1.95765151 2.4377973  2.95181891 4.16096523]",0.1043
95,0.693,0.7017,"[1.829531   4.00822542 0.61591652 1.88761289 0.21544906 0.66031928
 1.14773955 1.69940712 2.00714796 2.48697863 2.96353378 4.11225663]",0.0744
96,0.6927,0.7143,"[1.81021084 4.01129274 0.56632557 1.90849232 0.22745447 0.68177417
 1.19648415 1.72923539 2.05687659 2.53656055 2.93456351 4.06365475]",0.06
97,0.6933,0.6852,"[1.86004143 4.06116267 0.51651744 1.85863946 0.27732541 0.71109447
 1.24626801 1.67956433 2.10673837 2.5856342  2.88471902 4.01409537]",0.065
98,0.6933,0.6837,"[1.85791514 4.06507754 0.46707461 1.86070001 0.27535204 0.76073596
 1.24647565 1.72699897 2.12872633 2.6353574  2.87966149 4.00826859]",0.0783
99,0.6932,0.7081,"[1.80994848 4.0170951  0.42225808 1.90259341 0.22756757 0.8068598
 1.19683215 1.77669547 2.08918556 2.68511707 2.92919083 4.05569277]",0.0701
100,0.6929,0.7084,"[1.83579004 4.04245329 0.46908529 1.86265424 0.25486759 0.76445264
 1.2108008  1.75715307 2.11682176 2.67110503 2.91494217 4.02785651]",0.0559
101,0.6928,0.6731,"[1.87326595 4.08628686 0.46075204 1.81278081 0.29873371 0.71557804
 1.21005455 1.70732297 2.14271672 2.70380242 2.88720129 3.98413619]",0.0668
102,0.6931,0.6921,"[1.82344125 4.03651206 0.51041732 1.81462899 0.24900707 0.66757891
 1.16020911 1.67013598 2.09291259 2.75357103 2.93700277 4.03370685]",0.021
103,0.6934,0.7009,"[1.77386554 3.99782967 0.5599349  1.80049807 0.22506547 0.65315205
 1.11042135 1.64449537 2.04323114 2.80332117 2.98663185 4.08286581]",0.0391
104,0.6935,0.6814,"[1.76437857 4.02173118 0.60958085 1.75070449 0.2614562  0.60355517
 1.06081849 1.59473485 1.99374698 2.85246886 3.02171972 4.11822681]",0.0711
105,0.6931,0.6916,"[1.71492472 3.97403629 0.60942918 1.7734841  0.22454263 0.60826723
 1.03556255 1.62220584 2.0344492  2.90211063 3.07069307 4.06915208]",0.0847
106,0.6932,0.7092,"[1.67837961 3.93482179 0.62286394 1.78735976 0.199755   0.59848243
 1.03676358 1.64496316 2.07221688 2.95161987 3.11976107 4.03615717]",0.0976
107,0.6933,0.6854,"[1.70893675 3.94614581 0.67242515 1.73757699 0.24880147 0.54885103
 0.9875205  1.59521968 2.02307636 3.00061796 3.16457687 4.08508648]",0.125
108,0.6937,0.69,"[1.66096228 3.89722886 0.66748727 1.7594886  0.21705246 0.56251104
 1.00741642 1.61707924 2.04891792 3.04983604 3.21396243 4.05923405]",0.1444
109,0.6931,0.7011,"[1.61328402 3.85357358 0.70458511 1.77711324 0.1878892  0.57411037
 1.01785251 1.63489164 2.06119341 3.07366429 3.26353036 4.04477266]",0.1663
110,0.693,0.7015,"[1.57849921 3.81444739 0.74458416 1.74520656 0.20408357 0.53805833
 0.98390333 1.60096912 2.02359617 3.02468282 3.31186606 4.08259713]",0.1809
111,0.6931,0.6848,"[1.60738344 3.83525887 0.73097197 1.76736937 0.18651708 0.5544422
 1.00174154 1.61867827 2.03735313 2.9754774  3.29660575 4.07022115]",0.1286
112,0.6929,0.6972,"[1.65618596 3.88446269 0.71726955 1.77937807 0.19335676 0.56611546
 1.01600689 1.62853757 2.04333555 2.92592572 3.24730655 4.06226606]",0.0798
113,0.6929,0.6908,"[1.7055193  3.93381164 0.72333083 1.76730184 0.23646328 0.55669518
 1.0125267  1.61473583 2.022308   2.87622254 3.19779206 4.08399433]",0.0629
114,0.693,0.6969,"[1.75476586 3.97104854 0.70119773 1.78933898 0.2326101  0.59384619
 1.05759156 1.63702953 2.02617574 2.82652942 3.15935676 4.07604555]",0.0439
115,0.6931,0.7129,"[1.80382864 4.00220692 0.69203746 1.80168939 0.23861994 0.61778972
 1.09463006 1.64843112 2.01021748 2.77681784 3.12427847 4.07234762]",0.0403
116,0.6929,0.7011,"[1.85328055 4.04169904 0.67959658 1.79215845 0.26841379 0.62938134
 1.13315671 1.64324228 1.98960637 2.72709132 3.07630348 4.06500483]",0.0394
117,0.6925,0.6867,"[1.90287499 4.09102218 0.63038948 1.80064463 0.29409077 0.6780545
 1.18279804 1.66726519 2.02716018 2.67743774 3.02684354 4.0161502 ]",0.0313
118,0.694,0.687,"[1.8802091  4.05945215 0.58076746 1.85048959 0.25233553 0.72768922
 1.23248331 1.71712754 2.07687836 2.66121201 3.0393854  3.97122564]",0.0306
119,0.6937,0.685,"[1.87582002 4.06170395 0.53112937 1.90019147 0.21710203 0.7773133
 1.28214804 1.7669208  2.12664543 2.70444417 3.02315892 3.94510388]",0.05
120,0.6939,0.6739,"[1.89522329 4.07983618 0.48942072 1.93166441 0.21361857 0.82672873
 1.32392639 1.8163839  2.16846315 2.71410437 2.98985043 3.91779068]",0.1093
121,0.6932,0.6862,"[1.88718071 4.06808212 0.48090842 1.95739738 0.20208227 0.82286816
 1.34136522 1.78277831 2.16545595 2.70911353 3.00160405 3.93321115]",0.0976
122,0.693,0.6748,"[1.90653251 4.08146198 0.48627402 1.92952419 0.22413478 0.77440894
 1.33721969 1.73299738 2.12326992 2.66011097 2.99785649 3.93259476]",0.083
123,0.6932,0.6864,"[1.92074128 4.08382197 0.52181822 1.88219953 0.25985442 0.72518683
 1.29953937 1.68314252 2.07354694 2.61065451 3.01382654 3.96344596]",0.0614
124,0.6929,0.6874,"[1.90589848 4.06756775 0.57146169 1.83254029 0.26397519 0.67568494
 1.24982908 1.63329844 2.02372756 2.5614728  3.03565942 4.01290779]",0.0509
125,0.6939,0.6787,"[1.87373444 4.03976615 0.62106599 1.81681589 0.25631481 0.62636783
 1.20019934 1.60880378 1.97403265 2.55472664 3.06128884 4.06230356]",0.0558
126,0.6929,0.6782,"[1.82457575 3.99074771 0.63581845 1.84542174 0.22985625 0.6166701
 1.17634801 1.63276841 1.98381749 2.60372268 3.10253406 4.06867865]",0.0452
127,0.693,0.7056,"[1.77793828 3.94820027 0.59850221 1.86766599 0.22059598 0.61006968
 1.17991423 1.63510494 2.02671089 2.65312457 3.11948094 4.07820482]",0.0324
128,0.6932,0.6789,"[1.79190788 3.96923744 0.60708273 1.83550028 0.256994   0.57054019
 1.13827034 1.58557753 2.00474736 2.69529466 3.08370052 4.12776629]",0.0384
129,0.6929,0.6791,"[1.74327307 3.91985293 0.55801523 1.85560512 0.27331186 0.55087742
 1.17670341 1.57706511 2.05419225 2.74483686 3.04334009 4.17710284]",0.0539
130,0.6932,0.6997,"[1.71986185 3.87025171 0.50844422 1.90532166 0.25105161 0.57588781
 1.22602892 1.59327531 2.1038996  2.78834829 3.04700024 4.19714273]",0.0819
131,0.6931,0.6918,"[1.75845297 3.89242581 0.53200406 1.88114166 0.26713097 0.55210822
 1.22999139 1.55394728 2.08817539 2.74057977 3.06442337 4.19437904]",0.0648
132,0.693,0.697,"[1.71001032 3.94044138 0.58121653 1.8314649  0.23136871 0.58713206
 1.18036641 1.54387795 2.03904862 2.77252434 3.11402819 4.14495581]",0.033
133,0.6932,0.7014,"[1.66760265 3.93216831 0.62944989 1.83110698 0.20297332 0.60082288
 1.13151855 1.54377136 2.00984847 2.80800725 3.16357924 4.12519028]",0.0312
134,0.6935,0.7085,"[1.6180085  3.88246681 0.67489249 1.86895147 0.15322024 0.62297219
 1.10283933 1.56717536 1.99577165 2.84504612 3.21333403 4.13278442]",0.0416
135,0.6933,0.6825,"[1.56836408 3.83268377 0.72449174 1.91638329 0.10343747 0.61803231
 1.06231734 1.55494651 1.95360314 2.81268513 3.263105   4.17979825]",0.0747
136,0.6932,0.6719,"[1.5329791  3.79694691 0.72911378 1.965702   0.05379649 0.64071748
 1.07519926 1.57326465 1.96186076 2.76903481 3.30275258 4.17320361]",0.1014
137,0.6933,0.6997,"[1.58121677 3.84640879 0.73533745 1.94177618 0.09171761 0.63291902
 1.06744174 1.55964175 1.95181276 2.71971686 3.25319141 4.18112689]",0.0461
138,0.6932,0.6796,"[1.63101501 3.89623076 0.70958791 1.8919703  0.14150129 0.64232309
 1.09332932 1.53308216 1.95508045 2.67003878 3.20337871 4.16360634]",0.0093
139,0.6933,0.6996,"[1.68081204 3.94604183 0.68350315 1.84218362 0.19121695 0.65791918
 1.12652443 1.51921766 1.95686933 2.62035035 3.1536055  4.14783332]",0.0116
140,0.6937,0.7049,"[1.73040814 3.99564276 0.64289857 1.81665062 0.2146412  0.70310359
 1.17167227 1.51945195 1.96323584 2.57070784 3.10431859 4.1087437 ]",0.0412
141,0.6935,0.7076,"[1.74013905 4.00284539 0.59710875 1.83772391 0.18303297 0.7524169
 1.21995321 1.54622784 1.97677764 2.52123282 3.11393447 4.06740706]",0.0601
142,0.6934,0.6984,"[1.7689345  4.02505921 0.59901852 1.8182206  0.19835813 0.7672138
 1.22330685 1.52656162 1.95125709 2.47184698 3.09235209 4.07961958]",0.0773
143,0.693,0.6881,"[1.77095722 4.0176711  0.55774737 1.83584462 0.1756213  0.80050424
 1.26194886 1.54027587 1.96465796 2.43240821 3.09776031 4.04559485]",0.0945
144,0.6931,0.6865,"[1.77758478 4.02974988 0.50898118 1.84660006 0.17746579 0.83590815
 1.31096999 1.56422906 2.00950069 2.44322471 3.08231724 3.99696672]",0.0944
145,0.6932,0.6922,"[1.78784227 4.06002209 0.45946263 1.88753436 0.19116155 0.88502304
 1.36057529 1.61397052 2.05928686 2.49247348 3.03579324 3.94758933]",0.1014
146,0.6934,0.6932,"[1.76937895 4.09304856 0.40994228 1.93714075 0.18561533 0.93433878
 1.40999512 1.66378084 2.10908144 2.5420797  2.99603281 3.91229117]",0.1405
147,0.6932,0.6939,"[1.72360548 4.06512616 0.38983656 1.98663411 0.14446748 0.98300974
 1.42236712 1.71345261 2.15852661 2.5917325  3.01215719 3.9458732 ]",0.1519
148,0.6928,0.6728,"[1.75208701 4.09290038 0.37030502 1.9487997  0.16611512 1.00111238
 1.44108779 1.67564815 2.16676033 2.56818501 3.01416188 3.92074807]",0.1769
149,0.6923,0.6786,"[1.75805251 4.09089218 0.38873941 1.89939801 0.16792532 0.95237243
 1.41877722 1.62580211 2.12514181 2.52785023 3.02858997 3.92275348]",0.1458
150,0.6924,0.7039,"[1.7736644  4.09025473 0.43828389 1.84968028 0.18534781 0.90290907
 1.3690557  1.57593768 2.07532152 2.49682982 3.07659826 3.95837436]",0.1101
151,0.6932,0.6996,"[1.79441656 4.10066921 0.48794788 1.79987298 0.22676226 0.85321405
 1.31929521 1.52609382 2.02552237 2.51232794 3.09139249 4.00182986]",0.0837
152,0.6932,0.6841,"[1.7822764  4.09125056 0.53769596 1.75007129 0.27623749 0.80344685
 1.26951722 1.47628483 1.97577802 2.56187973 3.13039836 4.05132447]",0.0644
153,0.6924,0.6821,"[1.73253994 4.04157186 0.58715511 1.79157542 0.23061434 0.75437397
 1.22095167 1.51576103 1.97523621 2.61168613 3.1800523  4.07935373]",0.0473
154,0.6934,0.7141,"[1.68281066 3.99200898 0.62711388 1.82686298 0.20500445 0.73362701
 1.21345318 1.55868594 2.02463563 2.66153302 3.22966406 4.0477987 ]",0.0317
155,0.6932,0.695,"[1.63329338 3.9566474  0.67674946 1.79891787 0.23813598 0.68389697
 1.16404033 1.54197407 2.01774271 2.71137513 3.27892564 4.06354383]",0.0177
156,0.6932,0.6925,"[1.58362434 3.90727233 0.72639957 1.78078335 0.23767069 0.63425128
 1.11446924 1.54865032 2.02851414 2.76121435 3.32856349 4.03942277]",0.0288
157,0.6936,0.6934,"[1.5340108  3.85808593 0.77592396 1.77148834 0.20015536 0.62411596
 1.08682916 1.56263583 2.02844364 2.81099191 3.37830974 4.01166679]",0.0652
158,0.6935,0.6899,"[1.48571683 3.87491212 0.81746202 1.74944953 0.19639014 0.61220051
 1.05319636 1.55664268 2.01640138 2.86067992 3.42795843 4.00334653]",0.1219
159,0.6933,0.6983,"[1.5033314  3.92430041 0.81848722 1.7053055  0.24578933 0.5879009
 1.02916667 1.54387307 2.0103521  2.91020905 3.42143344 3.99268939]",0.1464
160,0.6931,0.6795,"[1.5503504  3.97377721 0.76902988 1.71719466 0.29543071 0.59761843
 1.06692787 1.55782328 2.04378963 2.95904882 3.37173885 3.97263249]",0.1261
161,0.6931,0.6963,"[1.54660568 3.99267867 0.71972167 1.75093441 0.33596749 0.62303305
 1.116548   1.58921219 2.09349833 2.99113093 3.32224052 3.9477879 ]",0.123
162,0.6932,0.6887,"[1.58684701 4.00713989 0.67099426 1.73472164 0.37135258 0.59783085
 1.15881033 1.57088214 2.08170219 2.94297661 3.27312411 3.98362393]",0.0939
163,0.6932,0.696,"[1.61233404 4.00056865 0.6259669  1.73301244 0.37482348 0.60206549
 1.20699861 1.58140719 2.07720547 2.89395782 3.2598961  3.99536072]",0.0651
164,0.693,0.715,"[1.62381269 3.99882994 0.610791   1.76083476 0.35884902 0.64093663
 1.25573655 1.62079783 2.10747244 2.84493816 3.25814113 3.95684481]",0.0313
165,0.6931,0.6882,"[1.67341018 4.0484515  0.56158576 1.71112505 0.40856012 0.61563524
 1.30476421 1.59173647 2.09405894 2.7954784  3.20849528 3.97810442]",0.0137
166,0.6928,0.6869,"[1.68482961 4.03092121 0.54896279 1.74712182 0.37454152 0.66504466
 1.35410609 1.64133939 2.14345655 2.74655528 3.22554267 3.92871079]",0.0041
167,0.6933,0.6981,"[1.6634075  4.0089966  0.57030011 1.77521063 0.34862906 0.70567881
 1.40361141 1.6869298  2.19310715 2.71723732 3.24730834 3.87921648]",0.0182
168,0.6939,0.687,"[1.69863281 4.04101671 0.53649012 1.75533007 0.37778393 0.73648764
 1.45318306 1.72717278 2.2428085  2.67966612 3.21152782 3.82963903]",0.0596
169,0.6927,0.6777,"[1.70827317 4.05286244 0.52681899 1.74386849 0.38974856 0.70105638
 1.46038502 1.74331747 2.25247958 2.70551812 3.19961748 3.8183451 ]",0.0678
170,0.6934,0.6981,"[1.65845877 4.00299446 0.57664796 1.79366481 0.33989087 0.6515223
 1.41065527 1.69430279 2.20270392 2.75497269 3.24947312 3.86801269]",0.0192
171,0.6937,0.6865,"[1.67978994 4.03197036 0.55467363 1.75975137 0.37373857 0.60181789
 1.36107559 1.64461116 2.15293511 2.72599183 3.21971604 3.91766904]",0.0099
172,0.6937,0.6909,"[1.67327776 4.03396971 0.56136549 1.7219703  0.39563229 0.55219864
 1.31153128 1.59493567 2.10317938 2.7228684  3.21355335 3.96732726]",0.0183
173,0.6936,0.6867,"[1.63740852 4.00194016 0.60075955 1.74581783 0.36979908 0.56163183
 1.26242598 1.61415825 2.06594158 2.766226   3.24181874 3.95989055]",0.0312
174,0.6933,0.7045,"[1.61682108 3.9781917  0.62671783 1.76991956 0.34582352 0.58555683
 1.27732071 1.64215229 2.08544563 2.76242126 3.26371982 3.93786895]",0.031
175,0.6932,0.6853,"[1.66047377 4.01672947 0.58990746 1.73230804 0.38341779 0.55245628
 1.2974727  1.61570263 2.03890333 2.71300704 3.22403075 3.97709756]",0.0286
176,0.6931,0.7007,"[1.68597116 4.00919544 0.55824676 1.75000055 0.37713518 0.57768817
 1.34638153 1.64005035 2.05520769 2.6637871  3.20708676 3.98872678]",0.0195
177,0.6929,0.6801,"[1.66918161 3.97817708 0.55864686 1.7907346  0.34530839 0.61532621
 1.39574713 1.68000341 2.10472941 2.64903967 3.22711962 3.96318119]",0.0184
178,0.6929,0.7043,"[1.7085268  3.99659941 0.51688779 1.82464585 0.37112667 0.60337314
 1.4453883  1.68681156 2.15444633 2.67087096 3.18738912 4.0022354 ]",0.0259
179,0.694,0.6633,"[1.74007528 4.02421482 0.48512032 1.84275641 0.40103934 0.57188581
 1.47910845 1.6790709  2.19029171 2.71560294 3.15551244 4.0366634 ]",0.0531
180,0.6928,0.6881,"[1.70258346 3.99039572 0.52057875 1.88039641 0.36910298 0.59519008
 1.44802555 1.71933987 2.17169085 2.76466386 3.18342054 4.00898131]",0.0304
181,0.6928,0.7086,"[1.69872216 4.0106168  0.52887242 1.84307819 0.37914458 0.57624902
 1.41084568 1.6994719  2.12234376 2.75860904 3.1837542  3.97353067]",0.0141
182,0.6935,0.691,"[1.70908268 4.0602075  0.5305948  1.79320352 0.4288002  0.52715503
 1.37471629 1.64973401 2.07287644 2.71100319 3.18026211 3.95733202]",0.0217
183,0.6931,0.6914,"[1.67517017 4.04023821 0.56584397 1.78522293 0.39895612 0.55227227
 1.32745896 1.62146164 2.02356012 2.74271255 3.21601773 3.92427846]",0.0196
184,0.6933,0.7022,"[1.63791604 4.0112281  0.56847357 1.79846518 0.36364579 0.5988256
 1.29463035 1.61764072 2.06002146 2.79051456 3.26297128 3.90484841]",0.0198
185,0.6933,0.6895,"[1.6666234  4.04410388 0.54891214 1.77638563 0.38114121 0.58546385
 1.34077708 1.5847907  2.05344122 2.752437   3.25391739 3.91781048]",0.0131
186,0.6932,0.6945,"[1.65101071 4.05353893 0.55104843 1.79023683 0.36532965 0.62313593
 1.35286195 1.60090238 2.10255896 2.8012894  3.26935338 3.88586026]",0.0107
187,0.6933,0.7027,"[1.65693813 4.0849926  0.53879367 1.79005545 0.37070804 0.66538674
 1.39335063 1.61949189 2.15205345 2.84997005 3.25936644 3.83680361]",0.0124
188,0.6931,0.706,"[1.66538056 4.11472636 0.5193994  1.78828987 0.37856367 0.71147367
 1.4228783  1.65376808 2.199721   2.89418744 3.23447823 3.78750457]",0.0294
189,0.693,0.7157,"[1.6533566  4.10470127 0.53138089 1.80028043 0.36664571 0.6853538
 1.40856207 1.68712323 2.18800034 2.92862163 3.24453402 3.7968551 ]",0.0237
190,0.693,0.6915,"[1.68425708 4.12113306 0.50546186 1.76446595 0.39861737 0.63690671
 1.38970463 1.63802636 2.14754233 2.89943351 3.22612503 3.84582467]",0.0133
191,0.6932,0.6904,"[1.66478353 4.09503507 0.52914852 1.75954405 0.38359442 0.58921646
 1.34414813 1.58868352 2.09795154 2.85060948 3.25201213 3.89532159]",0.011
192,0.6937,0.6905,"[1.65108331 4.05930555 0.54942715 1.76588642 0.36394425 0.59273366
 1.2974991  1.58112402 2.04864367 2.80149994 3.27751796 3.92097212]",0.0186
193,0.6933,0.7031,"[1.62983512 4.02921401 0.57152891 1.79176056 0.33674505 0.61871682
 1.31689305 1.60699265 2.0278965  2.75250006 3.30312424 3.90140679]",0.02
194,0.6932,0.6883,"[1.67911492 4.07270449 0.52333171 1.74421118 0.3839117  0.58786218
 1.35982111 1.58958496 1.97952704 2.70322501 3.25399107 3.95013946]",0.017
195,0.6928,0.6899,"[1.67994859 4.0474748  0.51205533 1.77196235 0.35816329 0.62250571
 1.40768335 1.62530071 2.00804697 2.65508951 3.27085929 3.92809012]",0.0188
196,0.6933,0.6936,"[1.68003509 4.04761149 0.5094263  1.78002063 0.35425314 0.64381842
 1.45661543 1.67454355 2.05735467 2.64896559 3.26936199 3.87908115]",0.025
197,0.6932,0.6905,"[1.71304263 4.0833908  0.47263887 1.76980895 0.38170079 0.66103292
 1.50590587 1.70980255 2.1069575  2.66506653 3.23182166 3.83000462]",0.0511
198,0.6932,0.696,"[1.67715762 4.05010724 0.49916482 1.8133714  0.34471495 0.68168873
 1.50112041 1.75886399 2.12664273 2.71417006 3.25485659 3.86119539]",0.0304
199,0.693,0.6873,"[1.7027835  4.07607363 0.47119458 1.78754431 0.37266393 0.641432
 1.52876485 1.72716444 2.16594001 2.74645552 3.22716051 3.9099224 ]",0.0365
200,0.693,0.6785,"[1.65995313 4.06965771 0.44920084 1.74605207 0.4143445  0.59220393
 1.49011319 1.67740713 2.11883221 2.79528049 3.226249   3.95950802]",0.0084
201,0.6931,0.695,"[1.610267   4.01994944 0.49857021 1.78749695 0.37242865 0.60841798
 1.44053048 1.64596176 2.06919702 2.844533   3.27596229 4.00884828]",0.0119
202,0.6932,0.7005,"[1.58279612 4.01592669 0.49439312 1.76550419 0.37833411 0.59627469
 1.39656126 1.59672239 2.02015287 2.87143301 3.28305658 4.05796304]",0.0349
203,0.6929,0.6734,"[1.58835682 4.02020208 0.47933737 1.75745634 0.38257746 0.59029614
 1.4009667  1.58451631 1.97801916 2.82284277 3.27897042 4.06942476]",0.0315
204,0.6932,0.6819,"[1.57521356 3.99639362 0.43883972 1.78557652 0.36074175 0.61367628
 1.438248   1.60824729 2.02245836 2.77606542 3.29795924 4.05432024]",0.0215
205,0.6925,0.706,"[1.59281307 4.00218861 0.4130803  1.79009549 0.36681768 0.60777544
 1.48561096 1.60248683 2.07081465 2.73714045 3.28566002 4.06502612]",0.0198
206,0.694,0.7015,"[1.62053119 4.03131885 0.38989932 1.77819576 0.38514093 0.59037693
 1.51023309 1.58902322 2.09401251 2.68836044 3.25779271 4.06806904]",0.0225
207,0.6932,0.7096,"[1.61255858 4.03027564 0.40406273 1.78593231 0.37315665 0.60450552
 1.49151452 1.62377658 2.07713169 2.66404101 3.26402249 4.01864124]",0.0115
208,0.6931,0.692,"[1.60975446 4.05326239 0.42607784 1.78980318 0.35560718 0.63324984
 1.46016007 1.6732063  2.08263218 2.64207219 3.26191244 3.96910396]",0.0092
209,0.6934,0.6838,"[1.63157968 4.08919497 0.4077868  1.76981991 0.36965447 0.63585972
 1.47347571 1.69583061 2.12536918 2.61591525 3.23601444 3.91964669]",0.0257
210,0.6935,0.6854,"[1.61940287 4.09262045 0.4229304  1.78198646 0.35957387 0.65719758
 1.45394599 1.73583176 2.12694898 2.63164818 3.23266137 3.88842151]",0.0257
211,0.6932,0.7112,"[1.594383   4.08373677 0.43947479 1.7883834  0.34990357 0.66432923
 1.41469364 1.75094565 2.09734181 2.67067279 3.25056276 3.89476211]",0.0125
212,0.6933,0.67,"[1.63022189 4.12323102 0.39826044 1.74254706 0.39335286 0.61920246
 1.42842655 1.70129981 2.11863859 2.6402791  3.22268105 3.88237921]",0.0255
213,0.6933,0.7002,"[1.58059604 4.07365586 0.447677   1.77448653 0.34970407 0.63189402
 1.37886275 1.69236801 2.06902123 2.68925973 3.27232605 3.93153005]",0.0065
214,0.6931,0.6952,"[1.58058457 4.07387568 0.45538389 1.75653977 0.36347825 0.59687989
 1.36901758 1.6560504  2.02299229 2.70310948 3.27229205 3.98002388]",0.0107
215,0.693,0.6767,"[1.60142843 4.10132148 0.46157718 1.7266655  0.39138289 0.56706031
 1.37485689 1.62605277 2.03281983 2.73155552 3.25049186 4.00748097]",0.0103
216,0.6929,0.7006,"[1.55247738 4.06764539 0.50956686 1.75841076 0.36152893 0.59282633
 1.32595944 1.65826553 2.06018466 2.78118886 3.28232217 3.97380059]",0.0202
217,0.6927,0.7119,"[1.52674173 4.05184006 0.52508955 1.78023036 0.33999901 0.61436516
 1.29145915 1.68206163 2.10787694 2.82910734 3.30368357 3.9406934 ]",0.0328
218,0.6932,0.6861,"[1.57653706 4.10162407 0.47547411 1.73032352 0.38990143 0.56466449
 1.34092232 1.63229361 2.1572211  2.78592275 3.25386473 3.98916527]",0.0078
219,0.693,0.6962,"[1.60445705 4.12572687 0.44788028 1.72059782 0.40591232 0.56517047
 1.37724879 1.63095958 2.19725201 2.73751271 3.22939746 3.97025589]",0.0078
220,0.6939,0.6897,"[1.5646164  4.08376253 0.48915727 1.77048568 0.35995812 0.6148769
 1.37067634 1.68075707 2.22875849 2.76842357 3.27117305 3.92073226]",0.0059
221,0.6933,0.6974,"[1.55283867 4.07169121 0.49892851 1.79645651 0.34397584 0.66405206
 1.41726821 1.73005166 2.27825892 2.77776105 3.28089262 3.87143477]",0.0199
222,0.6932,0.6733,"[1.59032191 4.1077123  0.46234    1.76488441 0.38370857 0.68556131
 1.45307384 1.721264   2.31006792 2.72846949 3.24138764 3.83967609]",0.0503
223,0.693,0.6937,"[1.56925418 4.08410785 0.48370551 1.76398503 0.37199673 0.63669814
 1.42717551 1.67194983 2.27596582 2.67967217 3.26141848 3.88851695]",0.0229
224,0.6933,0.6987,"[1.54932705 4.05787208 0.49869075 1.72540561 0.39590788 0.58727753
 1.37771459 1.62236068 2.22618365 2.63040824 3.27706385 3.93819382]",0.0119
225,0.6936,0.7001,"[1.53894179 4.03686042 0.50131801 1.70911428 0.40039592 0.55330651
 1.32843606 1.5793785  2.17644043 2.58114658 3.28158052 3.98779295]",0.0166
226,0.6935,0.6821,"[1.51311387 4.00507409 0.52658324 1.73089105 0.3747203  0.57445248
 1.28056899 1.59731605 2.13842745 2.53206579 3.30737166 3.99336892]",0.0237
227,0.6932,0.7027,"[1.49188453 3.97901405 0.54340513 1.76024929 0.34658452 0.60589343
 1.29701436 1.63069939 2.13809568 2.48365408 3.32907879 3.97187206]",0.0302
228,0.6929,0.6901,"[1.53874189 4.0156042  0.49477893 1.72262874 0.38446707 0.57007032
 1.30508885 1.59635497 2.08990145 2.43473037 3.28220831 4.01903834]",0.0371
229,0.6931,0.6893,"[1.54164648 3.99541737 0.46947972 1.74561246 0.3729274  0.58594566
 1.35385006 1.61676596 2.13142566 2.43018856 3.2784609  4.0219652 ]",0.0319
230,0.6929,0.6924,"[1.54767515 3.96545634 0.4297044  1.79537881 0.35714238 0.61175435
 1.40340887 1.64645951 2.18110857 2.47897883 3.27366569 4.05494117]",0.0237
231,0.694,0.7114,"[1.58303397 3.96289908 0.38124477 1.84513266 0.37281493 0.60562206
 1.45316076 1.64663348 2.2309063  2.52765479 3.24165371 4.10448544]",0.0491
232,0.6931,0.6981,"[1.60663519 3.97541784 0.35729754 1.86551258 0.38289676 0.59770245
 1.47496892 1.6567593  2.26942224 2.55819968 3.21598218 4.11391343]",0.0755
233,0.6929,0.7085,"[1.56803421 4.00244636 0.39633172 1.81580243 0.35700127 0.6260387
 1.42937889 1.70034666 2.23799327 2.58714607 3.24389064 4.06411695]",0.0236
234,0.6932,0.6975,"[1.56119068 4.05219949 0.41259948 1.7659293  0.38687274 0.5950442
 1.37975643 1.66676493 2.19867437 2.57000481 3.23693571 4.0143575 ]",0.0073
235,0.693,0.6835,"[1.53485596 4.07451632 0.44636567 1.71827791 0.39502316 0.56797145
 1.33021033 1.6628762  2.15151577 2.61917487 3.24632274 3.96493332]",0.0057
236,0.6933,0.6875,"[1.50330702 4.04729814 0.4719709  1.7380531  0.38513938 0.55425676
 1.28449329 1.68899186 2.15945269 2.668782   3.26345453 3.93873983]",0.0098
237,0.6931,0.6865,"[1.49014904 4.05047027 0.46196437 1.7316188  0.40700911 0.53230874
 1.25409303 1.69916133 2.20789967 2.71832788 3.24657202 3.90785354]",0.0146
238,0.6936,0.6872,"[1.48780895 4.06364145 0.44332942 1.72785655 0.41495386 0.54701245
 1.24784678 1.72609329 2.23305348 2.76757946 3.22998034 3.85888118]",0.02
239,0.6932,0.6997,"[1.47159855 4.04770882 0.45323546 1.75338667 0.3937175  0.58247208
 1.25146904 1.76137612 2.26523544 2.79339801 3.23931515 3.82205982]",0.0251
240,0.6931,0.6946,"[1.49169275 4.06518787 0.4334461  1.73356244 0.41356021 0.58086985
 1.27211898 1.76842684 2.28126421 2.75913876 3.21954646 3.81471584]",0.0221
241,0.6934,0.7184,"[1.48191691 4.04936639 0.4454823  1.74155347 0.40357211 0.56361133
 1.26002571 1.77207612 2.25329374 2.73624646 3.23165027 3.86396432]",0.0168
242,0.6937,0.7092,"[1.48807505 4.04320638 0.45052547 1.72970828 0.40986255 0.53008528
 1.25979623 1.74847184 2.21265782 2.69354957 3.23346449 3.91341558]",0.0146
243,0.6934,0.7053,"[1.49824787 4.04049474 0.45088499 1.70909813 0.41996737 0.50362801
 1.2617175  1.72270638 2.17130534 2.64443621 3.23189973 3.96263711]",0.0183
244,0.6931,0.693,"[1.47251992 4.00709512 0.47430109 1.7311063  0.39408718 0.527503
 1.2320908  1.74426929 2.12253346 2.62716381 3.26188003 3.9757434 ]",0.0298
245,0.6932,0.6978,"[1.48122853 4.01149933 0.4268058  1.72553644 0.39592383 0.53620646
 1.24560396 1.73859102 2.11390341 2.5986594  3.25618144 3.98467806]",0.0252
246,0.6931,0.6704,"[1.50689278 4.03941518 0.38547518 1.71103876 0.41098562 0.54281731
 1.2794404  1.72650825 2.15455587 2.5663116  3.23241693 3.93720385]",0.0119
247,0.6932,0.686,"[1.49143643 4.03076736 0.37072764 1.74281264 0.38120661 0.58551713
 1.28325294 1.76307632 2.17142812 2.59301483 3.24512116 3.89392883]",0.0092
248,0.6935,0.6938,"[1.49262635 4.03905531 0.34191025 1.76673037 0.3634056  0.63477631
 1.30837341 1.81135313 2.20651748 2.60899178 3.23408145 3.8605702 ]",0.0203
249,0.6928,0.6748,"[1.52224333 4.06857269 0.31262987 1.74679773 0.38527839 0.65663345
 1.33802423 1.82075089 2.23599774 2.5760208  3.20464932 3.83123229]",0.0442
250,0.6932,0.6911,"[1.48837284 4.03294371 0.35046969 1.77233207 0.35344436 0.64931269
 1.30084645 1.79616244 2.19407906 2.5799296  3.24243436 3.86909133]",0.0183
251,0.6927,0.6927,"[1.50235886 4.04314227 0.35414902 1.74635235 0.37338178 0.60350583
 1.302648   1.74669189 2.16863674 2.53489391 3.23665479 3.88779426]",0.0122
252,0.6939,0.699,"[1.53607684 4.0650069  0.34435393 1.69652235 0.41974074 0.55385845
 1.31790098 1.69696412 2.14728823 2.4863458  3.21681278 3.93459445]",0.0235
253,0.6943,0.6886,"[1.48908838 4.01686709 0.39345931 1.7189161  0.3898484  0.5674108
 1.26870254 1.71067075 2.09769773 2.52517605 3.26427524 3.98383806]",0.0209
254,0.6935,0.6838,"[1.45717942 3.99084288 0.42106961 1.73689401 0.3718428  0.58328126
 1.22000418 1.72877609 2.0536043  2.57361306 3.28832584 4.01828996]",0.0403
255,0.6929,0.6957,"[1.48874456 4.02287342 0.45625862 1.7010067  0.407621   0.54751372
 1.22430554 1.69296526 2.02872857 2.57741633 3.25523809 4.04875797]",0.0441
256,0.6927,0.6838,"[1.50064861 4.01358823 0.44141032 1.68339657 0.42736483 0.52982953
 1.24522974 1.67506966 2.07689198 2.61958478 3.23265022 4.07022374]",0.0395
257,0.6933,0.6972,"[1.45128983 3.96437555 0.39197439 1.73327746 0.37756993 0.57962547
 1.20871315 1.72488296 2.12604081 2.66913562 3.26450653 4.02157154]",0.0479
258,0.6931,0.6944,"[1.45780504 3.98364901 0.34251418 1.74503616 0.38121372 0.59348559
 1.23238029 1.73681914 2.17565044 2.69848499 3.24100924 3.97227804]",0.0375
259,0.6935,0.6748,"[1.50763921 4.03345153 0.29277366 1.69938533 0.43109943 0.55200614
 1.2821904  1.69333433 2.22551093 2.65929485 3.19116224 3.92261469]",0.0181
260,0.6934,0.6866,"[1.50520196 4.02662316 0.26230403 1.7492104  0.39334644 0.60173376
 1.301921   1.74301672 2.24694054 2.70848708 3.18307169 3.92456889]",0.032
261,0.6935,0.7027,"[1.46194568 3.97691548 0.2253718  1.79910689 0.34352837 0.65152154
 1.31440706 1.79277547 2.25119812 2.75797389 3.19319848 3.97419455]",0.0775
262,0.6933,0.6716,"[1.50970366 4.01291856 0.18105905 1.79879375 0.38940464 0.60988556
 1.36420653 1.74899197 2.29681076 2.74569471 3.14551871 3.96202376]",0.0776
263,0.6929,0.693,"[1.49596064 3.98741583 0.20680218 1.80072466 0.39507448 0.58445716
 1.36488015 1.69951175 2.2710597  2.74147985 3.16723616 4.00210422]",0.058
264,0.6929,0.7028,"[1.46317987 3.97944681 0.25644488 1.7787631  0.4010749  0.56453684
 1.32928749 1.67538463 2.22129432 2.69243824 3.21633211 4.05115128]",0.0356
265,0.6934,0.6839,"[1.42583631 4.00536722 0.30604079 1.74094908 0.41302536 0.53652531
 1.28018783 1.64393631 2.17155482 2.642954   3.26591126 4.07369977]",0.0334
266,0.6932,0.6899,"[1.40186396 4.02585745 0.35393987 1.72736892 0.39701093 0.54231586
 1.23171808 1.64728348 2.12203193 2.59354779 3.31533417 4.06093977]",0.0417
267,0.6933,0.7,"[1.40629152 4.05279269 0.33606011 1.75848524 0.361246   0.57600527
 1.24399697 1.67675105 2.07421827 2.54435311 3.35696718 4.04593353]",0.0426
268,0.6933,0.6846,"[1.45527869 4.10102979 0.36475263 1.7207823  0.39310358 0.54321274
 1.29280166 1.63891138 2.06737784 2.49494427 3.32694185 4.08336027]",0.032
269,0.6927,0.6663,"[1.47846432 4.12570324 0.32538414 1.7015353  0.39945017 0.55281728
 1.3160091  1.61882864 2.08409079 2.46926024 3.31339195 4.07511017]",0.0327
270,0.6934,0.699,"[1.4345214  4.08356749 0.27611377 1.75140725 0.3496516  0.60260608
 1.27475316 1.66865615 2.06689156 2.51837405 3.3547893  4.02610957]",0.0419
271,0.6932,0.7173,"[1.43054555 4.08837235 0.22700933 1.75766982 0.34549813 0.62047321
 1.27205442 1.70218128 2.1048788  2.553033   3.34456941 3.97694672]",0.0418
272,0.6936,0.6819,"[1.4803344  4.13813759 0.17745569 1.71159895 0.39532731 0.57907187
 1.32172286 1.68728622 2.15472092 2.54741099 3.29476456 3.92717122]",0.0325
273,0.6933,0.6618,"[1.49814941 4.16494352 0.1416357  1.71957353 0.40918511 0.59620017
 1.33960045 1.736873   2.184413   2.59680097 3.25877148 3.8916456 ]",0.0543
274,0.6936,0.7031,"[1.44836876 4.12311519 0.13069529 1.76947886 0.3593634  0.64596669
 1.28995679 1.78674239 2.14466825 2.64656663 3.28164143 3.92810797]",0.0705
275,0.693,0.7115,"[1.44227128 4.12106222 0.08152712 1.77327476 0.37333585 0.64317288
 1.27521454 1.81632671 2.17583523 2.69624607 3.23287337 3.90803675]",0.1048
276,0.6929,0.6698,"[1.48356059 4.14689384 0.05282501 1.72742147 0.41994859 0.59352165
 1.30110883 1.76914449 2.21961997 2.74585879 3.19117483 3.86634367]",0.1122
277,0.6934,0.6993,"[1.4337244  4.09708464 0.10251722 1.76298232 0.38416538 0.5733954
 1.25132947 1.79639748 2.16977376 2.79553927 3.24090861 3.91615982]",0.1043
278,0.6934,0.6903,"[1.43573725 4.08088673 0.15208483 1.74102194 0.40058035 0.53779625
 1.25079391 1.76621345 2.16573069 2.79932492 3.25883664 3.9263521 ]",0.0801
279,0.6935,0.6735,"[1.46678006 4.05189475 0.20163257 1.69116792 0.44447127 0.48798133
 1.28462385 1.71635699 2.15788395 2.7499361  3.28910367 3.95831754]",0.0416
280,0.6932,0.673,"[1.44489209 4.00264323 0.2511065  1.68124448 0.44415318 0.47584661
 1.27834433 1.6981344  2.10828052 2.7006112  3.33821937 4.00791607]",0.0473
281,0.6933,0.7039,"[1.41519316 3.97002497 0.24589699 1.72514811 0.39826671 0.51936959
 1.24896295 1.73794009 2.05893012 2.65201809 3.38301741 4.0566234 ]",0.0687
282,0.6942,0.7047,"[1.44810898 3.98986207 0.25782858 1.71502929 0.41005282 0.50754075
 1.28434698 1.72592132 2.03611459 2.6027214  3.36928422 4.06457604]",0.0477
283,0.6933,0.6758,"[1.49731143 4.00507307 0.28419652 1.68512262 0.45556869 0.4640547
 1.33386271 1.678183   2.07554872 2.55333744 3.32172482 4.11312865]",0.0345
284,0.6934,0.6931,"[1.52903439 3.95541219 0.23457644 1.73499331 0.40573728 0.51388176
 1.35471561 1.72793241 2.07293221 2.58815392 3.34948594 4.16277351]",0.06
285,0.6937,0.7091,"[1.57811008 3.90592944 0.18491929 1.78484699 0.39009044 0.53606315
 1.40407397 1.74368786 2.12234642 2.63721846 3.34692318 4.21256554]",0.1442
286,0.6933,0.6767,"[1.61642052 3.94377983 0.18318602 1.80252116 0.43994984 0.48625288
 1.44360163 1.69392921 2.16151569 2.62274922 3.29922074 4.22470886]",0.1347
287,0.6928,0.6918,"[1.5675685  3.99344652 0.23281851 1.75270546 0.42011347 0.50024552
 1.39774924 1.71381033 2.11620199 2.57350625 3.32500798 4.17486896]",0.0505
288,0.6933,0.6896,"[1.51798867 4.02128193 0.26284508 1.72283888 0.37037149 0.54700253
 1.34797665 1.76352008 2.06669533 2.59769562 3.37472209 4.1251576 ]",0.0431
289,0.6931,0.7056,"[1.49071977 4.05974853 0.30888831 1.67573433 0.3968095  0.51493113
 1.30887421 1.75569917 2.10106703 2.64622066 3.36876797 4.07578377]",0.0276
290,0.6931,0.7108,"[1.4929054  4.06919541 0.28605804 1.67046071 0.40148649 0.51315884
 1.31002062 1.75612033 2.14047612 2.68739751 3.36122736 4.04403803]",0.0227
291,0.6933,0.7029,"[1.50341672 4.08065128 0.23700952 1.69464805 0.37755436 0.54884847
 1.31722769 1.79209555 2.16842942 2.73202569 3.35920087 4.01256828]",0.029
292,0.6937,0.6876,"[1.51956253 4.09627699 0.18762139 1.7204334  0.35540803 0.59049767
 1.33545165 1.83444414 2.19508136 2.72436458 3.34712342 3.98889734]",0.0434
293,0.6931,0.6939,"[1.54946213 4.12629376 0.13868304 1.7007699  0.37343269 0.59802245
 1.36532879 1.8487747  2.22725481 2.69241204 3.31736098 3.9569517 ]",0.0587
294,0.6935,0.6787,"[1.54688764 4.12470836 0.15674761 1.7069417  0.35931003 0.61507864
 1.36083948 1.86973287 2.21573929 2.64509794 3.32704338 3.9588761 ]",0.0565
295,0.6933,0.6926,"[1.52964396 4.13035056 0.2061146  1.68550667 0.37326811 0.57344344
 1.35041795 1.82235931 2.17311668 2.59571032 3.3511402  3.97677817]",0.0225
296,0.6932,0.6861,"[1.52377817 4.12790055 0.25537018 1.6656565  0.38744601 0.52408839
 1.34680926 1.7726597  2.14197712 2.54641874 3.35724428 3.99091896]",0.0136
297,0.6933,0.684,"[1.48881146 4.0961931  0.30430178 1.68372641 0.36942838 0.5234623
 1.31513593 1.75421445 2.09450107 2.54571441 3.38693388 4.03518307]",0.0175
298,0.6933,0.6956,"[1.45281064 4.06477748 0.33279224 1.6955024  0.36454961 0.5197938
 1.29578572 1.74469081 2.05214135 2.56882993 3.40173226 4.08364326]",0.0335
299,0.6931,0.682,"[1.44561209 4.06619193 0.35284067 1.6818802  0.37871692 0.50391413
 1.29522797 1.73037087 2.09024954 2.59192724 3.39045905 4.08212646]",0.03
300,0.6929,0.6965,"[1.44508838 4.06276781 0.33685145 1.69763604 0.37020007 0.51760285
 1.31451089 1.74605043 2.13877265 2.63998482 3.39196877 4.03503272]",0.0198
301,0.6932,0.6926,"[1.46117669 4.07470385 0.28881725 1.70724959 0.37007213 0.52760909
 1.34578092 1.76351996 2.18817327 2.67283738 3.38004842 3.98600672]",0.0104
302,0.6933,0.6887,"[1.49405373 4.09812138 0.24377022 1.7290649  0.36386614 0.55342714
 1.39265437 1.79334675 2.23781068 2.70562792 3.35604622 3.93669929]",0.0149
303,0.6936,0.6764,"[1.50017762 4.10203474 0.23375696 1.74300311 0.35784244 0.58351651
 1.4027037  1.83959436 2.25582042 2.72750756 3.34857744 3.92645834]",0.0304
304,0.6931,0.693,"[1.5136303  4.11740616 0.21833859 1.75307093 0.36365102 0.60150172
 1.41831961 1.85735512 2.27408021 2.74353011 3.33483905 3.91049654]",0.0465
305,0.6931,0.6946,"[1.50622864 4.11788028 0.22983286 1.72536831 0.37384455 0.56604155
 1.41027422 1.81758086 2.25994462 2.71254618 3.34245415 3.91764521]",0.0258
306,0.6937,0.6908,"[1.46369962 4.10697404 0.27878178 1.6756424  0.42306779 0.51637399
 1.3616451  1.76780137 2.21034929 2.66351708 3.37800487 3.96664965]",0.0073
307,0.6936,0.6805,"[1.41443673 4.05832192 0.32800447 1.67234975 0.40946005 0.49346156
 1.3125722  1.73407707 2.16071801 2.61483653 3.42727612 4.01605338]",0.0188
308,0.6932,0.6719,"[1.39699561 4.05272801 0.36499179 1.67859764 0.39760886 0.49958849
 1.28145166 1.73482732 2.1171231  2.56880113 3.44589268 4.0468864 ]",0.0285
309,0.6934,0.6815,"[1.38617051 4.05457726 0.36456204 1.69250267 0.3794598  0.51735147
 1.24101497 1.75269191 2.11090282 2.5508419  3.47016069 3.9983817 ]",0.0275
310,0.6933,0.7142,"[1.4023712  4.09236158 0.39197949 1.67643139 0.3892454  0.50743858
 1.20648442 1.74313623 2.08872568 2.51233526 3.48540469 3.94914726]",0.0303
311,0.6931,0.6854,"[1.42993641 4.14098372 0.37228056 1.65039992 0.4045365  0.49390858
 1.17373091 1.73177994 2.06418036 2.46631553 3.51811241 3.89992703]",0.0458
312,0.6932,0.6894,"[1.45248489 4.14042322 0.35332828 1.66203632 0.39258163 0.51927945
 1.22228064 1.74314028 2.11268216 2.46246457 3.51929789 3.90771576]",0.0294
313,0.6931,0.6989,"[1.45985367 4.11260673 0.35363558 1.7020797  0.37241871 0.55425568
 1.2717013  1.78036675 2.16214536 2.51092987 3.52482475 3.93241342]",0.0144
314,0.6931,0.6767,"[1.50937541 4.15320487 0.30432881 1.69214063 0.41934492 0.54005992
 1.32129109 1.78068238 2.21187495 2.55925477 3.47518098 3.8872067 ]",0.0067
315,0.693,0.683,"[1.5248158  4.14338127 0.300398   1.72817238 0.4127771  0.57625433
 1.37032897 1.83022995 2.2615318  2.60887606 3.44813183 3.86825579]",0.0167
316,0.6925,0.6735,"[1.50905882 4.12217405 0.31796764 1.76294249 0.38308323 0.61115369
 1.3794217  1.87990222 2.29684327 2.6585522  3.45842284 3.87652243]",0.0264
317,0.6935,0.6933,"[1.5231425  4.13606512 0.30010385 1.75099955 0.40099788 0.59432603
 1.3993415  1.89362312 2.33095335 2.70797124 3.44174832 3.85900701]",0.041
318,0.6931,0.6884,"[1.51716625 4.13448975 0.30082001 1.74502604 0.40649444 0.544898
 1.38909501 1.84431486 2.33264869 2.75703189 3.44219859 3.86001457]",0.0293
319,0.693,0.694,"[1.48138152 4.10471202 0.33055393 1.73711213 0.40844468 0.49535866
 1.34513126 1.79476273 2.28301093 2.77881881 3.46856743 3.90959594]",0.0164
320,0.693,0.698,"[1.48274969 4.11785127 0.31331556 1.6932155  0.44439144 0.4457554
 1.34132248 1.74499378 2.23352488 2.72959824 3.45055158 3.95913662]",0.0134
321,0.6931,0.6895,"[1.43611372 4.07276015 0.35721624 1.69326094 0.43630152 0.44210294
 1.29878108 1.7291059  2.18397486 2.68016306 3.4946135  4.00842558]",0.028
322,0.6936,0.7091,"[1.4329165  4.04752251 0.40164851 1.74082683 0.38877615 0.48948442
 1.33658164 1.76629526 2.15932584 2.63102209 3.53443936 4.01799933]",0.0294
323,0.6934,0.7016,"[1.48178306 4.09680428 0.35963459 1.69135054 0.4379917  0.44121285
 1.38498161 1.71681416 2.11019699 2.58141045 3.48520359 4.06615413]",0.026
324,0.6929,0.6846,"[1.52859268 4.09900156 0.36005332 1.69810368 0.42603536 0.45366795
 1.38937442 1.72648621 2.06145897 2.53194637 3.49321687 4.0514668 ]",0.0314
325,0.693,0.7033,"[1.57594991 4.04981257 0.40746594 1.74791067 0.37618467 0.50338597
 1.43584088 1.77623711 2.0902252  2.48380591 3.5428656  4.00245292]",0.0594
326,0.6927,0.7068,"[1.62364395 4.07335212 0.3947004  1.73782377 0.39254439 0.48385866
 1.4834473  1.77396036 2.12900846 2.45903445 3.52116978 3.95393945]",0.0796
327,0.693,0.6924,"[1.67306048 4.12311436 0.34503739 1.68810074 0.4424322  0.4343644
 1.5326192  1.77671722 2.17859953 2.50610981 3.47132264 3.90621231]",0.1015
328,0.6931,0.6935,"[1.66111535 4.10605827 0.374673   1.71792414 0.4223979  0.38554927
 1.52016592 1.82587911 2.20957767 2.55548183 3.48566125 3.85829671]",0.1049
329,0.6933,0.7158,"[1.61199545 4.06466412 0.41655964 1.75779478 0.38043867 0.3664149
 1.47510231 1.82343522 2.24653967 2.60495023 3.5314985  3.8111136 ]",0.0989
330,0.6932,0.6804,"[1.62085028 4.10028156 0.37688147 1.711683   0.42036966 0.38679909
 1.50469268 1.77378512 2.29008544 2.65361016 3.50154111 3.85977815]",0.0877
331,0.6932,0.6833,"[1.57152278 4.0670765  0.39245622 1.71795684 0.41067051 0.34676091
 1.45625789 1.73168177 2.27053867 2.70298352 3.53312128 3.89496278]",0.0708
332,0.6933,0.7092,"[1.52220467 4.03544488 0.40510051 1.72623154 0.40788954 0.31999892
 1.40722716 1.71220489 2.25464855 2.75239816 3.54510044 3.90004761]",0.0739
333,0.6932,0.6813,"[1.47301609 4.02058986 0.38347777 1.69861621 0.43586405 0.28897958
 1.35874834 1.66479723 2.22743583 2.80156991 3.53188143 3.93378774]",0.0885
334,0.6932,0.6898,"[1.42425959 4.01804195 0.41251839 1.72740659 0.40211189 0.32540604
 1.30991754 1.68025841 2.25063815 2.85053758 3.57310585 3.88505739]",0.1056
335,0.6933,0.695,"[1.40506172 4.06721267 0.36715538 1.68171654 0.43360655 0.30623277
 1.29370044 1.6454005  2.20589453 2.82428501 3.54943566 3.90413057]",0.0924
336,0.6932,0.707,"[1.45426525 4.11671422 0.34562305 1.675415   0.41781611 0.34350535
 1.30681122 1.68101    2.16743289 2.77457396 3.541525   3.88485483]",0.0461
337,0.6933,0.6918,"[1.49643897 4.16630223 0.38467402 1.71931127 0.36798233 0.39326378
 1.25875101 1.73082729 2.11937311 2.72489041 3.58729565 3.83511987]",0.0419
338,0.6936,0.6987,"[1.54535668 4.2159608  0.33917524 1.6934156  0.35273069 0.44285955
 1.22172354 1.78046918 2.07012513 2.67517651 3.58660054 3.78548545]",0.0479
339,0.693,0.6832,"[1.59513802 4.24601381 0.28938576 1.66171674 0.40247155 0.49245126
 1.27128541 1.77271309 2.11375354 2.62553715 3.5368316  3.78813078]",0.0263
340,0.693,0.6775,"[1.61808836 4.23172916 0.25387834 1.67570195 0.40247555 0.54191358
 1.32107334 1.72863521 2.12496248 2.57672036 3.53045396 3.83790931]",0.0274
341,0.6929,0.6991,"[1.5685286  4.18188856 0.25452203 1.72564475 0.35259017 0.5915895
 1.37077753 1.77807569 2.07564146 2.5752637  3.58014899 3.88777357]",0.0237
342,0.6931,0.7093,"[1.56516163 4.17203425 0.20515184 1.74749801 0.34269281 0.61135272
 1.42041942 1.78776512 2.06663027 2.52769138 3.55872394 3.90544589]",0.0373
343,0.6938,0.6782,"[1.61494394 4.22180262 0.15541134 1.69780427 0.39257672 0.57317869
 1.47013534 1.7382332  2.11630732 2.4780892  3.50886071 3.85792424]",0.0759
344,0.6932,0.6989,"[1.5833109  4.18697547 0.13261574 1.74746295 0.35884735 0.62213219
 1.48671087 1.77963444 2.06909701 2.43660446 3.51366084 3.90685849]",0.0726
345,0.6936,0.7143,"[1.56579505 4.1982177  0.11362836 1.77746097 0.35344451 0.6454139
 1.48552432 1.8043988  2.03947183 2.41091305 3.4940413  3.9168881 ]",0.0769
346,0.6933,0.691,"[1.58928553 4.22478113 0.08173855 1.76283665 0.38498065 0.61577894
 1.50953752 1.78156068 2.0436831  2.36347556 3.45848581 3.89393963]",0.1045
347,0.6933,0.7001,"[1.56751879 4.20502729 0.10244694 1.78334174 0.36524828 0.63254345
 1.48809141 1.80074586 2.0214775  2.37138123 3.47795984 3.91388713]",0.0846
348,0.6938,0.7097,"[1.569933   4.21255247 0.09634957 1.77134552 0.38740322 0.59583034
 1.49030017 1.76881831 2.01373494 2.3385823  3.45840669 3.91419116]",0.0928
349,0.6933,0.7043,"[1.55597438 4.19684476 0.11005705 1.77907039 0.38349627 0.58874948
 1.47476966 1.77306097 1.99769609 2.34841754 3.46442695 3.93116385]",0.0793
350,0.6933,0.708,"[1.54410864 4.18723085 0.12820938 1.78319436 0.38559225 0.57845961
 1.46250666 1.77667782 1.98458266 2.36060365 3.4669625  3.94272698]",0.069
351,0.6932,0.7141,"[1.55177552 4.19505741 0.12432805 1.7709312  0.40661126 0.55003727
 1.46839082 1.76477959 1.99258645 2.36554732 3.4506559  3.93601604]",0.0687
352,0.6926,0.7078,"[1.54949493 4.19205037 0.12925464 1.7671985  0.42965785 0.51560384
 1.46330685 1.77084665 1.99657064 2.40692089 3.43436526 3.93777232]",0.0546
353,0.693,0.7006,"[1.50992768 4.15301231 0.16764768 1.80397024 0.42752753 0.50549881
 1.42197486 1.81251499 1.97724793 2.45644682 3.43692312 3.96395993]",0.0367
354,0.6931,0.6926,"[1.51389763 4.16445205 0.14204193 1.78001128 0.47224718 0.45828407
 1.42653019 1.78569453 2.0150774  2.50591403 3.39383626 3.93032108]",0.0278
355,0.6932,0.7065,"[1.48209215 4.14597047 0.13039479 1.79057318 0.47220952 0.46364831
 1.39955958 1.79590893 2.01514227 2.55560074 3.39553851 3.92971764]",0.0236
356,0.6929,0.7114,"[1.44134812 4.12218389 0.08213569 1.80652789 0.46644893 0.47851771
 1.36568723 1.80966605 2.01515107 2.60531487 3.39952356 3.93261609]",0.0366
357,0.6936,0.6954,"[1.46806632 4.13564775 0.04665055 1.77078527 0.50831196 0.44069225
 1.39457043 1.77385443 2.05673933 2.65454671 3.35682056 3.89188217]",0.0322
358,0.6934,0.7118,"[1.43730379 4.09110514 0.07634769 1.79472187 0.49615189 0.4509748
 1.3663351  1.79692222 2.03842235 2.70407532 3.37218151 3.91075295]",0.0439
359,0.6936,0.7075,"[1.40737577 4.04275753 0.05687837 1.81050374 0.50066134 0.45139642
 1.34318635 1.80725258 2.03816397 2.75355731 3.36226495 3.9294243 ]",0.0749
360,0.6931,0.7019,"[1.41915227 3.99485036 0.01478621 1.79063647 0.52978245 0.42507179
 1.36213527 1.78142249 2.06429205 2.80275221 3.32871618 3.92230747]",0.0854
361,0.6934,0.6732,"[ 1.4111316   3.94623122 -0.02185893  1.79711953  0.53107421  0.42521663
  1.35632084  1.78179479  2.06419525  2.8519787   3.32668647  3.93930231]",0.117
362,0.6931,0.711,"[ 1.39244225  3.90271314 -0.04353807  1.8098588   0.52127022  0.43727278
  1.34215071  1.79552355  2.05242115  2.89654231  3.33894958  3.96312625]",0.1597
363,0.6932,0.6743,"[1.40833831 3.92111866 0.00531887 1.77769827 0.54362115 0.41137217
 1.36013309 1.77344913 2.07125179 2.8624588  3.32695476 3.92345079]",0.1201
364,0.6933,0.6917,"[1.37917566 3.90789418 0.05301096 1.77414501 0.51947213 0.43095059
 1.33269144 1.79750174 2.04358735 2.83676326 3.3672614  3.91407948]",0.1254
365,0.693,0.6955,"[1.39125066 3.92841771 0.09615538 1.77284103 0.50641391 0.4384365
 1.33606973 1.80596896 2.03445187 2.79205937 3.39429711 3.90075965]",0.0965
366,0.6931,0.688,"[1.43059179 3.96269254 0.10699548 1.77214906 0.49403771 0.44428665
 1.3622258  1.8100982  2.04507606 2.7432078  3.40695784 3.87526393]",0.0534
367,0.6931,0.6976,"[1.46531373 4.00124599 0.08275534 1.78004245 0.47853559 0.45995275
 1.39224169 1.82458709 2.06981878 2.69422991 3.40274674 3.84302728]",0.0281
368,0.6933,0.6863,"[1.46988134 4.00250917 0.0843118  1.79632889 0.45840837 0.48717515
 1.39615705 1.8464356  2.06606237 2.65179324 3.41473002 3.84454052]",0.0258
369,0.6933,0.6992,"[1.49868715 4.02356847 0.07001181 1.79704389 0.44911413 0.50149913
 1.42695543 1.85062193 2.08685917 2.60299545 3.41333462 3.82391697]",0.0229
370,0.6932,0.7083,"[1.50253085 4.01576393 0.08198963 1.80514883 0.43320633 0.51909343
 1.43285735 1.85438469 2.08310537 2.56890174 3.42932927 3.83025851]",0.0235
371,0.6931,0.6833,"[1.50702241 4.01813036 0.07740624 1.79894312 0.43336349 0.52081197
 1.44043944 1.82141529 2.08933156 2.56743979 3.43143656 3.82705438]",0.0207
372,0.6931,0.6986,"[1.51276859 4.02420919 0.06005795 1.78576288 0.44317211 0.51770489
 1.45041583 1.79178832 2.10143795 2.61587531 3.4310942  3.82348374]",0.0189
373,0.6931,0.6987,"[1.48694113 3.99254408 0.04809247 1.79030978 0.43518297 0.53503783
 1.44134491 1.76770727 2.10326122 2.66524748 3.45906046 3.86658492]",0.0263
374,0.6932,0.6795,"[1.49117066 3.98457448 0.0232332  1.77585728 0.45664211 0.5171174
 1.46050688 1.72710044 2.1233988  2.71453807 3.45483668 3.89939908]",0.0352
375,0.6933,0.6795,"[1.47907594 3.95257249 0.03516891 1.79006247 0.45952841 0.50467464
 1.45336188 1.70342864 2.11656538 2.76392383 3.46200311 3.94848112]",0.0571
376,0.6934,0.7073,"[1.47337454 3.939013   0.04823149 1.79801243 0.46826777 0.49064938
 1.45661374 1.69530486 2.11749498 2.80325072 3.45461288 3.97697968]",0.0742
377,0.6931,0.7029,"[1.45145503 3.94637665 0.09510782 1.79914767 0.46342318 0.48889394
 1.43811369 1.69995494 2.0922451  2.78360514 3.46611714 3.94695514]",0.0516
378,0.693,0.7037,"[1.46497834 3.97990952 0.11286088 1.77981091 0.46764129 0.47734349
 1.44452716 1.68996387 2.07562137 2.73442712 3.45694161 3.89799421]",0.0205
379,0.6931,0.678,"[1.47345379 4.01189933 0.1254661  1.77906032 0.45566325 0.48984435
 1.44288892 1.69856434 2.05483193 2.68504781 3.46355532 3.84944794]",0.0101
380,0.6931,0.6835,"[1.47155444 4.01549791 0.13324853 1.80094349 0.4325909  0.51535432
 1.43976607 1.72216708 2.03631032 2.63589457 3.47709633 3.80609171]",0.0104
381,0.6932,0.6911,"[1.51314708 4.06033624 0.09598498 1.78329167 0.45007832 0.50949535
 1.4831501  1.72153427 2.07297651 2.58662113 3.43989064 3.75742327]",0.0195
382,0.6932,0.6966,"[1.49566218 4.04675446 0.1158727  1.80935977 0.42453132 0.54026951
 1.46627787 1.76835966 2.05498927 2.58302654 3.45724582 3.76349313]",0.0168
383,0.6931,0.691,"[1.49975219 4.05287837 0.11530964 1.80780711 0.43119611 0.52451882
 1.46960368 1.80346456 2.06458638 2.59767577 3.44740665 3.75347617]",0.0167
384,0.6933,0.6794,"[1.48572948 4.04554675 0.13693616 1.79925884 0.44898373 0.49745603
 1.4466196  1.81579663 2.06845628 2.64628236 3.44122113 3.74941761]",0.0102
385,0.6933,0.6982,"[1.48599159 4.03865762 0.13446279 1.78327098 0.4668031  0.46847722
 1.44635632 1.78759858 2.07874079 2.68000797 3.43162229 3.74873676]",0.0094
386,0.6932,0.6789,"[1.45293392 3.99847433 0.16229854 1.78490256 0.46523376 0.43241579
 1.41798202 1.74709891 2.05563584 2.72894629 3.45703704 3.79297878]",0.0159
387,0.6931,0.7001,"[1.42939482 3.96504048 0.1816909  1.77368999 0.47184097 0.41658322
 1.40571938 1.72444411 2.05160298 2.77732135 3.47094366 3.84037604]",0.0375
388,0.6931,0.6881,"[1.43374375 3.97014382 0.18146367 1.76195572 0.47799593 0.40889355
 1.41726853 1.70807223 2.06360992 2.77059904 3.47000219 3.85590993]",0.0335
389,0.6932,0.6786,"[1.45650196 3.97926471 0.18567517 1.77157587 0.46578817 0.42312185
 1.4364765  1.70648732 2.068671   2.72138569 3.4751984  3.85522831]",0.0159
390,0.6931,0.7147,"[1.49076656 3.9475795  0.2306679  1.81881848 0.41853806 0.4708365
 1.47203962 1.75398712 2.05851491 2.67256937 3.52065805 3.8066076 ]",0.0122
391,0.6938,0.6926,"[1.5397208  3.98160942 0.19923849 1.79485463 0.44368819 0.4492184
 1.52139031 1.73234947 2.10707094 2.62322306 3.48904785 3.75789196]",0.0138
392,0.693,0.6753,"[1.58870696 4.00179061 0.17523583 1.78182529 0.46166513 0.4435623
 1.57083375 1.72004231 2.14150158 2.5745266  3.46324781 3.77807508]",0.0405
393,0.6937,0.701,"[1.55041626 3.9521688  0.22480106 1.83168445 0.41179736 0.49321751
 1.57276895 1.7690893  2.11147683 2.61014048 3.51291654 3.82661518]",0.0277
394,0.6932,0.699,"[1.57695663 3.95022973 0.20128704 1.86768423 0.4141545  0.4976426
 1.61827422 1.74969001 2.15502497 2.61424441 3.49111848 3.87605477]",0.0496
395,0.6935,0.6868,"[1.61855025 3.97780736 0.16120453 1.89152298 0.45769297 0.44904023
 1.66562102 1.70040128 2.19471707 2.60821556 3.44864823 3.92551542]",0.0973
396,0.6929,0.6838,"[1.56894112 3.95236747 0.21058399 1.86588525 0.42573044 0.46625393
 1.61605339 1.72958691 2.14495268 2.5789467  3.4888134  3.87780862]",0.0448
397,0.693,0.6994,"[1.53011945 3.9752892  0.2341425  1.8258014  0.43345568 0.43262008
 1.56675889 1.71317666 2.09529344 2.53355224 3.50057808 3.83065119]",0.0313
398,0.6934,0.7195,"[1.51605534 3.99663057 0.22400285 1.7938645  0.45935803 0.39871219
 1.53919614 1.68732994 2.05166859 2.49398887 3.48850655 3.84278741]",0.0343
399,0.6932,0.6958,"[1.48083582 3.97292258 0.24187292 1.79801899 0.45154191 0.38936699
 1.50564326 1.69606259 2.00478577 2.5122995  3.50239455 3.83570334]",0.0308
400,0.6932,0.7032,"[1.4337598  3.92692708 0.26069707 1.79919879 0.45516448 0.383592
 1.46630971 1.70096127 1.98770039 2.56021381 3.50316417 3.83683624]",0.0307
401,0.6932,0.6932,"[1.39422386 3.90413461 0.28036342 1.81712386 0.4411779  0.39733044
 1.44053354 1.71894102 2.01796345 2.60858329 3.51724543 3.82047233]",0.0315
402,0.6932,0.6933,"[1.41610445 3.94023087 0.24953333 1.78534869 0.47470662 0.36375406
 1.46555409 1.68926894 2.04946219 2.62227919 3.48313742 3.8467677 ]",0.0271
403,0.6929,0.6885,"[1.46398969 3.98910176 0.24793378 1.79926188 0.46277984 0.37760511
 1.47619595 1.70522554 2.0986418  2.66608176 3.47884992 3.82869397]",0.0146
404,0.6933,0.7059,"[1.48311737 4.03795681 0.26198113 1.84538863 0.42691789 0.42723287
 1.47830922 1.75487124 2.14809789 2.70126999 3.49073846 3.7790215 ]",0.012
405,0.6935,0.6906,"[1.52319038 4.08758052 0.22814221 1.82356123 0.45094057 0.47639926
 1.52183574 1.80442918 2.19786818 2.67725131 3.45487028 3.72937488]",0.0305
406,0.6935,0.6872,"[1.52935038 4.10100018 0.22784834 1.84085969 0.44292459 0.52562769
 1.52977627 1.85369845 2.20881639 2.67328086 3.44882826 3.6965543 ]",0.0494
407,0.6933,0.6993,"[1.49525215 4.06948322 0.26350197 1.88229064 0.40499697 0.57141569
 1.49744409 1.88918523 2.17447138 2.69614355 3.48086483 3.71564605]",0.0318
408,0.6931,0.6922,"[1.54456348 4.09951593 0.2140585  1.83252792 0.45477187 0.52252472
 1.54335784 1.84106371 2.19468845 2.64685174 3.43328471 3.70830776]",0.0533
409,0.6934,0.7047,"[1.5201301  4.05197838 0.23002561 1.80166026 0.46847534 0.47304174
 1.51159259 1.79150411 2.14513527 2.59830989 3.4571594  3.75789912]",0.0226
410,0.6938,0.6987,"[1.47361577 4.00260252 0.24548424 1.7520296  0.50070818 0.42347003
 1.46994657 1.74190879 2.09544304 2.54952535 3.47890725 3.80754767]",0.0175
411,0.6936,0.7067,"[1.42474254 3.95341464 0.27686647 1.76190976 0.48508105 0.42296356
 1.42915976 1.72493021 2.04582531 2.52090326 3.50691088 3.85643071]",0.0247
412,0.6931,0.7033,"[1.37665213 3.93267213 0.31889915 1.7817751  0.45849254 0.4411676
 1.38058816 1.75198177 2.00094035 2.52341822 3.54187036 3.83708972]",0.0314
413,0.6934,0.6883,"[1.33330333 3.96884081 0.33057651 1.73206872 0.50484623 0.39200929
 1.33200354 1.76678117 1.95177428 2.47543067 3.54658685 3.78914472]",0.054
414,0.6934,0.6901,"[1.37328416 4.01513241 0.2960352  1.72626302 0.49629053 0.39495268
 1.32671289 1.81581206 1.94425078 2.46058334 3.59496717 3.77933741]",0.0608
415,0.6933,0.7017,"[1.42129    3.98175204 0.25187596 1.77607575 0.44658216 0.44461208
 1.37550701 1.86421338 1.99214152 2.48710081 3.6373991  3.8283056 ]",0.0367
416,0.693,0.7008,"[1.46996458 4.01143886 0.2031719  1.750107   0.47461634 0.41678186
 1.42457763 1.83186484 2.04003772 2.4529036  3.59838781 3.81943436]",0.0266
417,0.6934,0.658,"[1.51319153 4.03522486 0.16380298 1.726244   0.50453847 0.39268027
 1.46818895 1.79433197 2.08351917 2.44680685 3.55918165 3.80772095]",0.0355
418,0.6927,0.6932,"[1.49716445 4.00978946 0.18774967 1.77397421 0.47443894 0.43508139
 1.45229135 1.84333931 2.07497342 2.49600223 3.58276287 3.83270364]",0.0198
419,0.693,0.7066,"[1.48624988 4.00185912 0.19452627 1.80351342 0.46039779 0.45700655
 1.43999228 1.89140238 2.10640199 2.54541865 3.59084897 3.83056949]",0.0171
420,0.6938,0.6645,"[1.52783555 4.04542074 0.1511135  1.77959495 0.49065283 0.43697998
 1.48118451 1.87807041 2.15433462 2.59190913 3.54908415 3.78521608]",0.0182
421,0.6931,0.6885,"[1.52612467 4.05178098 0.14660002 1.7957831  0.4865184  0.46247046
 1.4777371  1.91740736 2.17413483 2.64122608 3.54591213 3.77347778]",0.0207
422,0.6932,0.698,"[1.48686413 4.03571153 0.15516354 1.83599356 0.45406157 0.51168069
 1.44376741 1.92995319 2.18171783 2.69068927 3.57745053 3.78448881]",0.024
423,0.6936,0.6911,"[1.52444493 4.06790059 0.12437414 1.78636541 0.50353654 0.46437943
 1.49252222 1.88050911 2.21771541 2.65234474 3.55164941 3.75487212]",0.0279
424,0.693,0.7032,"[1.47534221 4.02114988 0.16774469 1.79763917 0.48083676 0.45917537
 1.45293526 1.83110687 2.1686043  2.68752082 3.59928154 3.8040534 ]",0.0097
425,0.6932,0.7042,"[1.47070216 4.02301696 0.16049693 1.76390107 0.50292824 0.42535593
 1.46850421 1.78157223 2.16205891 2.64748772 3.59789245 3.85119259]",0.01
426,0.6934,0.6918,"[1.42436234 3.98599877 0.19225949 1.76294954 0.4936239  0.42779075
 1.44945815 1.76186424 2.11592935 2.65220613 3.63542536 3.89907332]",0.0248
427,0.6932,0.6907,"[1.40834071 4.00257113 0.20753308 1.74283391 0.48486461 0.43394501
 1.44881242 1.71827068 2.14290659 2.65951076 3.65687811 3.89018537]",0.0289
428,0.6932,0.6787,"[1.41752351 4.04592486 0.18609761 1.72869284 0.4988145  0.42215801
 1.45892964 1.69803088 2.13506069 2.61096873 3.64254832 3.88860314]",0.0212
429,0.6932,0.6893,"[1.39150348 4.05953387 0.21136287 1.75473188 0.47076805 0.45202292
 1.42344481 1.72773145 2.10378582 2.57656022 3.6683904  3.83967394]",0.0158
430,0.6931,0.7005,"[1.36044125 4.10803766 0.22718603 1.75561902 0.45466188 0.46754617
 1.37415758 1.77501515 2.05582954 2.55032325 3.69165903 3.79009763]",0.0259
431,0.6938,0.6938,"[1.40956823 4.15749659 0.17767196 1.70571498 0.5044753  0.418039
 1.34436391 1.80721586 2.08230469 2.50121272 3.64217461 3.74043091]",0.0281
432,0.693,0.6711,"[1.45296653 4.17453309 0.14529571 1.71365695 0.51206539 0.45182596
 1.39368338 1.84553088 2.12568833 2.52799304 3.6084722  3.74527927]",0.0165
433,0.6934,0.7053,"[1.42043256 4.12527957 0.18055493 1.76356286 0.46223219 0.50154034
 1.44286662 1.89391427 2.10600284 2.57736583 3.65506612 3.79496555]",0.0064
434,0.6932,0.7086,"[1.44364337 4.12708624 0.14732814 1.7775885  0.45243347 0.51737256
 1.49225458 1.9036989  2.15475699 2.59051835 3.63686768 3.8047192 ]",0.0119
435,0.6933,0.6744,"[1.48703222 4.16692891 0.10219436 1.75622525 0.48081191 0.50919472
 1.53973914 1.85784017 2.19781021 2.57348693 3.59303714 3.78282931]",0.04
436,0.6932,0.7032,"[1.44688812 4.13932395 0.12970933 1.80548803 0.43969338 0.55473606
 1.51209457 1.87493488 2.15615634 2.6100988  3.6208239  3.82707539]",0.0204
437,0.6931,0.7006,"[1.46502217 4.16671183 0.10407814 1.78064195 0.46558267 0.52921775
 1.53559036 1.8431769  2.17159926 2.58443153 3.59395415 3.81014747]",0.0279
438,0.6929,0.688,"[1.45883799 4.1607924  0.10360493 1.76686115 0.47924776 0.51367801
 1.52984275 1.79460177 2.16241783 2.56905466 3.59836062 3.82596518]",0.0249
439,0.6934,0.6872,"[1.40935719 4.11222307 0.15203247 1.79883397 0.44716702 0.5411595
 1.48071493 1.78637549 2.11282374 2.60036804 3.64685265 3.8752603 ]",0.0159
440,0.6935,0.6632,"[1.43345166 4.14206413 0.12254006 1.76490568 0.48108201 0.50523713
 1.50619476 1.74277903 2.13437328 2.56681055 3.61633105 3.86593929]",0.0169
441,0.6932,0.6832,"[1.42737483 4.14004917 0.12021281 1.75090474 0.49293648 0.48959896
 1.50013627 1.71873636 2.12808438 2.56437319 3.61611631 3.89591514]",0.0176
442,0.6933,0.6972,"[1.38338163 4.10617198 0.15017023 1.77685037 0.46541344 0.51340545
 1.45707085 1.74020954 2.08523805 2.61210594 3.64598898 3.94351917]",0.0218
443,0.6935,0.6971,"[1.38365406 4.12968139 0.13489767 1.75703868 0.48730569 0.49161841
 1.45625798 1.71889269 2.10199342 2.63050905 3.62229519 3.91656836]",0.0171
444,0.6931,0.6914,"[1.39460317 4.15917438 0.10807206 1.75043894 0.50703978 0.47977787
 1.46191228 1.7145644  2.12870466 2.67837832 3.59098752 3.87012762]",0.0173
445,0.6932,0.6985,"[1.3458979  4.15990921 0.14472158 1.7999577  0.46302815 0.52868206
 1.41270914 1.76411456 2.09532964 2.72745841 3.6087765  3.83133751]",0.0326
446,0.693,0.6984,"[1.37944132 4.20831989 0.10686753 1.76653974 0.49805592 0.49887927
 1.43608216 1.76006141 2.13353838 2.7321802  3.56724208 3.78193943]",0.0203
447,0.6935,0.6759,"[1.38296656 4.23575795 0.09664819 1.7647429  0.49839727 0.51407699
 1.42260793 1.80906202 2.13998129 2.77793879 3.55199886 3.75270697]",0.0334
448,0.6936,0.7197,"[1.3456003  4.22604783 0.13128122 1.7982267  0.46274119 0.54779955
 1.37966118 1.85031967 2.10259522 2.81204305 3.58861671 3.74209196]",0.0574
449,0.6937,0.7019,"[1.39483036 4.22660316 0.08196376 1.74839434 0.51244195 0.49867147
 1.41530625 1.81083735 2.14824415 2.76325584 3.54415346 3.7082269 ]",0.0337
450,0.693,0.6936,"[1.37709024 4.17755366 0.09416026 1.75808135 0.50229353 0.50253267
 1.40311486 1.76244861 2.12652332 2.73750672 3.57002031 3.7498734 ]",0.0239
451,0.693,0.6944,"[1.35659411 4.12835837 0.11412855 1.76226969 0.49249707 0.50631827
 1.3899714  1.7400941  2.07737318 2.70796073 3.60807385 3.7993999 ]",0.0278
452,0.6936,0.7056,"[1.36826175 4.09617168 0.10016919 1.73444926 0.51658916 0.47873881
 1.41455982 1.70365336 2.06847971 2.65893948 3.60379829 3.84806821]",0.0232
453,0.6933,0.6932,"[1.34833799 4.07531199 0.1209932  1.75034543 0.49936096 0.49460565
 1.39516117 1.71731957 2.04041702 2.6115145  3.62201081 3.8825569 ]",0.0277
454,0.6931,0.6912,"[1.3658669  4.11964639 0.1123669  1.72827337 0.51896943 0.47311821
 1.40294125 1.70182798 2.02769118 2.56274112 3.60173941 3.87157981]",0.0212
455,0.6927,0.6835,"[1.35614384 4.16578891 0.10580509 1.73636058 0.50088398 0.48822679
 1.3688402  1.73542216 1.99886931 2.52983468 3.6212111  3.86023566]",0.0265
456,0.693,0.7025,"[1.35010119 4.21416505 0.12407509 1.73828572 0.49311334 0.4920905
 1.32070357 1.78412632 1.99080833 2.51565467 3.6350273  3.81698529]",0.0391
457,0.693,0.7016,"[1.38456571 4.20490201 0.07532707 1.71636843 0.5190268  0.472426
 1.36908706 1.79400037 2.02067505 2.49445991 3.58643834 3.79727819]",0.0247
458,0.6929,0.6797,"[1.38624041 4.18634778 0.02708704 1.74034039 0.506762   0.4982624
 1.38856144 1.81992848 2.01495147 2.52178861 3.57397386 3.82267928]",0.0263
459,0.6932,0.7055,"[ 1.36811568  4.17257198 -0.02190783  1.78761718  0.4808356   0.53763604
  1.37513754  1.86719654  1.995232    2.57057719  3.56160946  3.84856987]",0.0508
460,0.6935,0.6762,"[ 1.41787604  4.2216641  -0.07095963  1.74688719  0.5306168   0.49587726
  1.42482964  1.82495168  2.04504352  2.54867622  3.51189543  3.79900988]",0.0454
461,0.693,0.6899,"[ 1.42166628  4.22774103 -0.09207371  1.79239912  0.52242937  0.53863025
  1.42813225  1.87397477  2.04534435  2.59720316  3.4924409   3.81879821]",0.0677
462,0.6936,0.7169,"[ 1.39784517  4.20239781 -0.05855826  1.81819027  0.50052033  0.56050635
  1.40516314  1.89739469  2.02144281  2.62292481  3.51209445  3.84404266]",0.0685
463,0.6931,0.6774,"[ 1.44332715  4.2136316  -0.0431433   1.76845691  0.5502527   0.51088827
  1.45293116  1.84777256  2.0653525   2.57427224  3.47822027  3.81013514]",0.0509
464,0.6933,0.7007,"[1.41161637 4.16422197 0.0056111  1.78999711 0.52463095 0.50915665
 1.42526598 1.83377062 2.03357243 2.59737084 3.51393339 3.8456881 ]",0.0318
465,0.6933,0.7041,"[1.39395119 4.11509064 0.05479224 1.77823239 0.53270629 0.48945495
 1.4265551  1.81003074 2.01565675 2.59008342 3.53786868 3.87728302]",0.0234
466,0.6933,0.6863,"[1.3976403  4.06658054 0.10363321 1.74832838 0.56252649 0.4556503
 1.43923289 1.77579798 2.01980366 2.57467438 3.53429277 3.889584  ]",0.0206
467,0.6935,0.6992,"[1.35575568 4.01762534 0.13386092 1.77012332 0.54089825 0.46849276
 1.41121062 1.79181235 1.98422956 2.60976553 3.5705395  3.93840739]",0.0415
468,0.6936,0.7243,"[1.32290543 3.98927757 0.13377414 1.78598991 0.52883596 0.47838959
 1.38356065 1.80796736 1.96020807 2.64103169 3.58725023 3.95170134]",0.0678
469,0.6932,0.6798,"[1.35704764 3.99894046 0.18234315 1.73651764 0.57856655 0.42868713
 1.42561221 1.75873188 2.00731944 2.61315153 3.53846791 3.90359771]",0.0391
470,0.693,0.6908,"[1.32709404 4.04512408 0.22879928 1.76817298 0.55064364 0.45635786
 1.39055049 1.79472114 1.99249675 2.66154043 3.56541739 3.8549318 ]",0.0413
471,0.6931,0.7,"[1.27917328 4.09415115 0.27737829 1.77615638 0.52315068 0.4686194
 1.34121435 1.84420691 1.95574287 2.70953196 3.61446236 3.80538766]",0.0833
472,0.6931,0.6872,"[1.30901478 4.06944127 0.28786589 1.72629688 0.57259601 0.41892886
 1.33546252 1.83169858 1.9497746  2.67190266 3.62024209 3.76306775]",0.0838
473,0.6927,0.6613,"[1.35853422 4.02800321 0.23844147 1.70644885 0.61249136 0.39499863
 1.38509089 1.78983943 1.99935907 2.65474393 3.57061125 3.81232731]",0.0478
474,0.693,0.7016,"[1.40672025 4.07701222 0.20993186 1.75637594 0.56261895 0.44484934
 1.37769576 1.83955534 2.00887234 2.70388786 3.58039889 3.86124187]",0.0324
475,0.6938,0.7022,"[1.42795426 4.11981865 0.16068086 1.80627192 0.51281606 0.49466245
 1.3591303  1.88933375 2.00068087 2.75318694 3.59573256 3.89422992]",0.0468
476,0.6933,0.6866,"[1.47771609 4.16946574 0.11111761 1.78040928 0.54890705 0.48094725
 1.40881863 1.88156272 2.05048668 2.72360895 3.54599792 3.84457957]",0.0201
477,0.6936,0.6857,"[1.51573171 4.21910055 0.06193486 1.7720798  0.5688897  0.50096367
 1.4427159  1.90896821 2.0843844  2.70067749 3.50393265 3.810602  ]",0.0403
478,0.6936,0.7031,"[1.47016141 4.23717373 0.04261939 1.82196482 0.51904148 0.55070287
 1.3950975  1.95874215 2.03662134 2.74982221 3.53340726 3.85685662]",0.0629
479,0.6934,0.6905,"[ 1.50427724  4.28614956 -0.0065007   1.82985645  0.51315544  0.56391411
  1.42395508  1.9705819   2.05722407  2.73943     3.48492566  3.83868343]",0.0911
480,0.693,0.6959,"[ 1.50835114e+00  4.28589914e+00 -3.76934867e-03  1.81373457e+00
  5.17081513e-01  5.32919501e-01  1.43404334e+00  1.93123881e+00
  2.06114317e+00  2.69734598e+00  3.48675620e+00  3.83497535e+00]",0.0698
481,0.6931,0.688,"[1.4805748  4.23663583 0.04561441 1.82427123 0.48954743 0.51294383
 1.4170337  1.88197403 2.02939115 2.64879749 3.52693338 3.87449901]",0.0333
482,0.6932,0.6906,"[1.50600659 4.18866013 0.09447652 1.78266289 0.51744559 0.46338879
 1.45514537 1.83218884 2.04700868 2.599233   3.53714092 3.89194628]",0.0135
483,0.6932,0.7031,"[1.47141391 4.13926496 0.13917697 1.78408147 0.50741427 0.43627921
 1.44525499 1.7829062  2.02614299 2.61742656 3.58612167 3.94120184]",0.0102
484,0.6931,0.6857,"[1.4393674  4.09001345 0.18842958 1.77288239 0.50201127 0.41908891
 1.45518962 1.76115016 2.04091775 2.66645783 3.63483721 3.98921229]",0.0224
485,0.6936,0.7066,"[1.4259966  4.05975654 0.23701635 1.77486422 0.49253622 0.41712658
 1.46478368 1.7514252  2.07593593 2.69732442 3.6587238  4.01520915]",0.036
486,0.6932,0.6808,"[1.39817199 4.04937751 0.2600541  1.7450246  0.5224196  0.38319449
 1.48868486 1.72187765 2.10954043 2.74378093 3.64073345 4.04034309]",0.0533
487,0.693,0.6921,"[1.44162317 4.04967847 0.308646   1.78674342 0.48438384 0.42072402
 1.47392281 1.76377861 2.12346491 2.71726131 3.67808497 3.99124865]",0.0456
488,0.6934,0.7037,"[1.49096805 4.08180414 0.29608071 1.78074583 0.49046103 0.41705659
 1.51031947 1.76023482 2.1720936  2.66786165 3.65958081 3.94601755]",0.0341
489,0.6931,0.6843,"[1.54066474 4.13148475 0.24644879 1.74478827 0.53045218 0.42489685
 1.5599336  1.76642039 2.22166252 2.61829274 3.60981432 3.8995345 ]",0.0446
490,0.6934,0.6926,"[1.56163383 4.11435369 0.28606703 1.79458476 0.48060107 0.47450983
 1.57202792 1.81600546 2.21367653 2.5688972  3.63998785 3.84996795]",0.0661
491,0.6932,0.6887,"[1.55489811 4.09532084 0.30992985 1.82340687 0.45290748 0.52387132
 1.58540314 1.86545817 2.20404551 2.51971678 3.66146137 3.80051129]",0.0902
492,0.6934,0.6687,"[1.59466756 4.13501321 0.2760095  1.79171666 0.48472645 0.5701137
 1.62495196 1.90581505 2.23988162 2.47024301 3.62377502 3.75578104]",0.1428
493,0.6928,0.6755,"[1.57736292 4.12306065 0.28789682 1.78995382 0.47445922 0.55632129
 1.59736065 1.87846802 2.20597378 2.4209665  3.63756029 3.75782118]",0.1304
494,0.6932,0.6904,"[1.55325514 4.11252369 0.29563167 1.76795247 0.47045239 0.5090306
 1.54801755 1.83013977 2.15628244 2.37154752 3.64927731 3.77407976]",0.1128
495,0.6934,0.684,"[1.52911759 4.13837701 0.26172708 1.72196854 0.50615702 0.46115194
 1.49869717 1.78161186 2.10664925 2.32204859 3.61781339 3.82217401]",0.0909
496,0.6933,0.6886,"[1.48036847 4.11599504 0.24995503 1.67786563 0.50940257 0.44014849
 1.44947906 1.76671421 2.05706173 2.27270709 3.64439276 3.85515261]",0.0913
497,0.6938,0.7022,"[1.43183173 4.08819695 0.29932069 1.71789229 0.45961494 0.48947118
 1.41947877 1.81625462 2.00957516 2.24680675 3.69403744 3.84907039]",0.0966
498,0.6932,0.7252,"[1.39669772 4.08947668 0.33229603 1.73781124 0.43344397 0.51324891
 1.40708003 1.85397846 2.00201474 2.24674722 3.72307035 3.81956972]",0.1056
499,0.6933,0.6858,"[1.44542908 4.11092428 0.28274752 1.68794628 0.4832864  0.46365779
 1.39572668 1.80448277 1.95909554 2.19764599 3.67334381 3.83142181]",0.1212
