epoch,loss_discriminator,loss_generator,params_generator,rel_entropy
0,0.687,0.6206,"[ 2.57023494  4.57585507 -0.04922483  1.84963148  0.87212584  0.63016652
  1.12033601  2.22120195  2.44299695  3.33552735  2.68385087  4.35535207]",2.3884
1,0.6933,0.6393,"[ 2.52025323  4.62564713 -0.09892603  1.7996729   0.82221094  0.68013092
  1.07041621  2.27114563  2.39305618  3.2856093   2.73380141  4.40533309]",1.8884
2,0.6933,0.6619,"[ 2.50023175  4.64600492 -0.13395774  1.77962552  0.8020666   0.7001808
  1.05027072  2.29124178  2.37300009  3.26552509  2.75385114  4.42535438]",1.7052
3,0.6933,0.6655,"[ 2.49026048  4.65594812 -0.13842077  1.76968073  0.792174    0.71012097
  1.04038075  2.30114878  2.36306508  3.25560881  2.76379174  4.43532601]",1.6348
4,0.6938,0.6688,"[ 2.49022469  4.65663595 -0.13744158  1.76960173  0.79192166  0.71020636
  1.04012602  2.30131733  2.36297269  3.25546706  2.76387518  4.43536138]",1.6344
5,0.6934,0.6607,"[ 2.49019649  4.65719452 -0.13678413  1.76953944  0.79172087  0.7102737
  1.03992419  2.3014509   2.36290033  3.25535557  2.76394072  4.43538924]",1.6339
6,0.6932,0.7056,"[ 2.48818041  4.65954805 -0.13462913  1.76750381  0.7896019   0.71231227
  1.03780508  2.30352894  2.36085989  3.25329231  2.76597759  4.4374051 ]",1.6225
7,0.6936,0.6439,"[ 2.4861687   4.661838   -0.13254566  1.76547785  0.78751229  0.71434063
  1.03571588  2.30558734  2.35883133  3.25124688  2.76800396  4.43941663]",1.6114
8,0.6937,0.6709,"[ 2.47820831  4.66922757 -0.12555979  1.75756319  0.77976694  0.72224489
  1.0279702   2.31340626  2.35093049  3.2433988   2.77591185  4.44737765]",1.5704
9,0.6936,0.7158,"[ 2.48220142  4.66550718 -0.12953833  1.76154784  0.78370654  0.71826241
  1.03191074  2.30944494  2.35491521  3.24737288  2.77192659  4.44338437]",1.5903
10,0.6936,0.7134,"[ 2.48219287  4.66578558 -0.12947889  1.76152892  0.78363643  0.71828362
  1.03184149  2.30949031  2.35489551  3.24734051  2.77194523  4.44339272]",1.59
11,0.6934,0.6507,"[ 2.47820619  4.66964544 -0.12586898  1.75755746  0.77971769  0.72225099
  1.02792288  2.31343027  2.35092934  3.24339226  2.77591359  4.44737963]",1.5696
12,0.6935,0.6673,"[ 2.4802014   4.66786657 -0.12787473  1.75954673  0.78167364  0.72026301
  1.02987971  2.31145768  2.352919    3.24537464  2.7739235   4.4453843 ]",1.5794
13,0.6931,0.6918,"[ 2.48021065  4.66786115 -0.12816185  1.7595661   0.78172009  0.72024121
  1.02992644  2.31142071  2.35294277  3.24540933  2.77390152  4.44537518]",1.5793
14,0.6933,0.7232,"[ 2.48418097  4.66450959 -0.13175823  1.76350195  0.78551084  0.71631396
  1.0337192   2.30756526  2.35687261  3.24929852  2.76996788  4.44140423]",1.5992
15,0.6932,0.6937,"[ 2.4841453   4.6650427  -0.13143179  1.76342669  0.78529066  0.71639792
  1.03350085  2.3077231   2.35678932  3.24917215  2.77004615  4.44143925]",1.5984
16,0.6934,0.709,"[ 2.48407873  4.66617534 -0.13036362  1.7632845   0.7848568   0.71655741
  1.0330722   2.30802888  2.35662987  3.24892683  2.7701957   4.44150457]",1.5972
17,0.6935,0.748,"[ 2.48407425  4.66637027 -0.13039851  1.76327447  0.78481556  0.71656852
  1.03303234  2.30805429  2.35662019  3.24891037  2.77020494  4.44150893]",1.5969
18,0.6935,0.7144,"[ 2.48610609  4.66449182 -0.13241566  1.76533474  0.78691159  0.71450376
  1.03512886  2.30596237  2.35868985  3.25100002  2.76813987  4.43947748]",1.6077
19,0.6934,0.7129,"[ 2.48409943  4.66671086 -0.13046143  1.76331998  0.78485558  0.7165202
  1.03307443  2.30799807  2.3566748   3.24897509  2.77015417  4.44148399]",1.5968
20,0.6932,0.6987,"[ 2.48011988  4.67046778 -0.12696209  1.75936343  0.78098097  0.72047048
  1.02919808  2.31190579  2.35272516  3.24505214  2.7741067   4.44546395]",1.5763
21,0.6935,0.7127,"[ 2.48211173  4.66879724 -0.12887965  1.76134523  0.78290871  0.71849121
  1.03112812  2.30995172  2.35470646  3.24702067  2.77212457  4.44347189]",1.5862
22,0.6933,0.7012,"[ 2.48210603  4.66902224 -0.12888865  1.76133258  0.78285831  0.71850539
  1.03107948  2.30998339  2.35469387  3.24699952  2.7721366   4.44347744]",1.5858
23,0.6933,0.7058,"[ 2.48409154  4.66745037 -0.13065963  1.76330068  0.78474314  0.71654145
  1.03296759  2.30805909  2.35665939  3.24894368  2.77016914  4.44149161]",1.5958
24,0.6937,0.6668,"[ 2.48209282  4.66953577 -0.12883436  1.76130303  0.78274066  0.71853852
  1.03096582  2.31005721  2.3546637   3.24694892  2.77216524  4.44349034]",1.5852
25,0.6938,0.6682,"[ 2.4820863   4.66977391 -0.12882756  1.76128858  0.78268425  0.71855468
  1.03091146  2.31009287  2.35464899  3.24692446  2.77217922  4.44349669]",1.5848
26,0.6929,0.7129,"[ 2.48007511  4.67199627 -0.12688841  1.75926588  0.78061635  0.72058091
  1.02884538  2.31214242  2.35262673  3.2448899   2.7742013   4.44550756]",1.5742
27,0.6935,0.6654,"[ 2.47806452  4.6743113  -0.12480309  1.75724283  0.77853354  0.72260705
  1.02676556  2.31419728  2.35060258  3.24285084  2.77622433  4.44751789]",1.5638
28,0.6936,0.7146,"[ 2.48005677  4.67263759 -0.12674021  1.7592257   0.78046555  0.72062667
  1.02870065  2.31224077  2.3525852   3.24482173  2.77424105  4.44552542]",1.5734
29,0.6932,0.6747,"[ 2.48201331  4.67157418 -0.12805338  1.76113214  0.78215696  0.71873371
  1.03040207  2.31045424  2.3544822   3.24665895  2.77233898  4.44356789]",1.5826
30,0.6932,0.696,"[ 2.48401387  4.66967731 -0.1301886   1.76313302  0.78415016  0.71673243
  1.03239631  2.30845546  2.35648479  3.24866172  2.77033665  4.44156732]",1.5928
31,0.6936,0.7144,"[ 2.48201993  4.67163045 -0.1284933   1.76114599  0.7821862   0.71871725
  1.03043189  2.31042801  2.35450109  3.24668654  2.7723214   4.44356137]",1.5823
32,0.6938,0.6641,"[ 2.48001556  4.67383756 -0.12653422  1.75913626  0.78014476  0.7207282
  1.02839279  2.31245348  2.35249187  3.24467069  2.77433032  4.44556562]",1.5718
33,0.6931,0.6715,"[ 2.48200211  4.67225283 -0.12834162  1.7611067   0.78203577  0.71876176
  1.03028856  2.31052472  2.3544601   3.24661903  2.77236044  4.44357874]",1.5815
34,0.6936,0.7103,"[ 2.48595438  4.66903165 -0.13175484  1.76500649  0.78573496  0.71487465
  1.03399768  2.30673913  2.35834883  3.25044962  2.7684657   4.43962548]",1.6014
35,0.6935,0.7025,"[ 2.48594088  4.66940395 -0.13157541  1.76497683  0.78562784  0.7149079
  1.03389547  2.30680899  2.35831642  3.25039759  2.76849613  4.4396387 ]",1.601
36,0.6934,0.7055,"[ 2.48592918  4.66973901 -0.13144602  1.76495109  0.7855337   0.71493671
  1.03380593  2.30686999  2.35828853  3.25035262  2.76852236  4.43965014]",1.6006
37,0.6932,0.7024,"[ 2.4879088   4.66825239 -0.13304048  1.76690644  0.78737677  0.71298675
  1.03565633  2.30497345  2.36023864  3.25227342  2.76656901  4.43767011]",1.6107
38,0.6937,0.6597,"[ 2.48588942  4.67073078 -0.1306964   1.76486399  0.78522789  0.71503417
  1.0335147   2.30707142  2.35819114  3.25019813  2.76861336  4.4396891 ]",1.5996
39,0.6937,0.7168,"[ 2.48591303  4.67058723 -0.13110906  1.7649123   0.78534911  0.71497974
  1.03363255  2.30697667  2.35824733  3.25027978  2.76856041  4.43966594]",1.5997
40,0.6931,0.7026,"[ 2.48391281  4.67282153 -0.12919846  1.76291072  0.78332088  0.71698239
  1.03160751  2.30899021  2.35624799  3.24827651  2.7705605   4.44166606]",1.5889
41,0.6937,0.6634,"[ 2.48783006  4.67034816 -0.13126808  1.76673256  0.78674959  0.71318133
  1.03506278  2.30538167  2.36004298  3.25196122  2.76675129  4.43774726]",1.6089
42,0.6936,0.6654,"[ 2.4878088   4.67088222 -0.13087132  1.7666861   0.78658595  0.71323349
  1.0349091   2.30548948  2.35999099  3.25187863  2.76680007  4.43776808]",1.6084
43,0.6937,0.6667,"[ 2.48778406  4.67147755 -0.13034865  1.76663203  0.78639742  0.71329404
  1.03473226  2.30561391  2.35992996  3.25178212  2.76685717  4.43779233]",1.6079
44,0.6936,0.71,"[ 2.48579755  4.67362137 -0.12845638  1.76465798  0.78443727  0.71526561
  1.03277332  2.30757353  2.35796109  3.24982293  2.76882802  4.43977903]",1.5972
45,0.6937,0.7116,"[ 2.48578353  4.67403245 -0.12825358  1.76462727  0.78432449  0.71530031
  1.0326688   2.30764687  2.35792763  3.24976892  2.76885972  4.43979273]",1.5968
46,0.6935,0.7051,"[ 2.48577431  4.67435721 -0.12816545  1.76460692  0.78424494  0.71532333
  1.0325957   2.30769727  2.35790608  3.24973335  2.76888024  4.43980172]",1.5964
47,0.6936,0.6759,"[ 2.48572289  4.675414   -0.1271433   1.76449642  0.78387911  0.71544834
  1.03225442  2.30794677  2.35778127  3.24953843  2.76899809  4.43985203]",1.5955
48,0.6933,0.7168,"[ 2.4817129   4.67974501 -0.12308     1.76047469  0.77979707  0.71947314
  1.02817964  2.31199999  2.35375848  3.24550117  2.77302002  4.44386175]",1.5744
49,0.6935,0.6778,"[ 2.47972741  4.68151056 -0.12151735  1.75850582  0.77789713  0.7214365
  1.02627315  2.3139286   2.35179474  3.24355848  2.7749852   4.44584759]",1.5643
50,0.6933,0.7135,"[ 2.48176714  4.67937099 -0.1239468   1.76058542  0.78008925  0.71934636
  1.02845792  2.31177526  2.35388484  3.24568893  2.77289887  4.44380872]",1.5748
51,0.6934,0.7162,"[ 2.47778757  4.68299031 -0.12045833  1.75662916  0.77623335  0.7232945
  1.02459213  2.3156728   2.34993453  3.2417682   2.77685076  4.44778884]",1.555
52,0.6935,0.7061,"[ 2.47979011  4.6810733  -0.12257351  1.75863439  0.77824418  0.72128765
  1.02660328  2.31366187  2.35194144  3.24377899  2.77484386  4.44578637]",1.5648
53,0.6934,0.6387,"[ 2.47978089  4.68144598 -0.1224896   1.75861424  0.77816438  0.72131091
  1.02653091  2.31371306  2.35192064  3.24374445  2.774864    4.44579532]",1.5644
54,0.6934,0.6702,"[ 2.47977754  4.68167757 -0.12254106  1.75860679  0.77812865  0.72131946
  1.02649938  2.3137343   2.35191409  3.24373271  2.7748705   4.44579854]",1.564
55,0.6933,0.7248,"[ 2.48173224  4.68020772 -0.12432553  1.76051616  0.77988562  0.71942339
  1.02826993  2.31191983  2.35381719  3.24558885  2.77296495  4.44384264]",1.5732
56,0.6937,0.6624,"[ 2.47572048  4.68622517 -0.11846408  1.75449344  0.77383749  0.72544831
  1.02222298  2.31796012  2.34779379  3.23955661  2.77898755  4.44985411]",1.5432
57,0.6931,0.6659,"[ 2.47769682  4.68504608 -0.12011241  1.75644234  0.77564602  0.72350868
  1.02404923  2.31608833  2.34973949  3.24146741  2.77704059  4.44787704]",1.5521
58,0.6936,0.6767,"[ 2.47769698  4.68498786 -0.12035523  1.75644369  0.77565792  0.72350689
  1.02405975  2.31608253  2.34974338  3.24147457  2.77703734  4.44787682]",1.552
59,0.6935,0.6714,"[ 2.47567149  4.68764672 -0.11810359  1.75438975  0.77347111  0.72557064
  1.02188929  2.31821252  2.34768656  3.23938312  2.77909317  4.44990152]",1.5415
60,0.6937,0.6673,"[ 2.47966553  4.68401348 -0.12208201  1.75837664  0.77741285  0.72158603
  1.02583812  2.31424866  2.35167384  3.24336118  2.77510572  4.44590726]",1.5607
61,0.6932,0.6687,"[ 2.479663    4.6842273  -0.12214386  1.75837095  0.77738309  0.72159244
  1.02581255  2.31426556  2.35166914  3.24335251  2.77511038  4.44590969]",1.5604
62,0.6934,0.6762,"[ 2.47969278  4.68395644 -0.12266512  1.75843275  0.77756083  0.72152086
  1.02597917  2.3141329   2.35173955  3.24345955  2.7750427   4.44588064]",1.5606
63,0.6932,0.6946,"[ 2.47767726  4.6864614  -0.12057142  1.75639965  0.77543675  0.72356051
  1.02386743  2.31621722  2.34970577  3.24140361  2.7770763   4.44789561]",1.5501
64,0.693,0.7076,"[ 2.47962573  4.68562613 -0.12195212  1.7582915   0.77707536  0.72168815
  1.02553825  2.3144722   2.35158971  3.24321941  2.77519002  4.44594557]",1.5587
65,0.6931,0.6789,"[ 2.47962883  4.68580673 -0.1220978   1.75829763  0.77708074  0.72168111
  1.02554561  2.31446368  2.35159841  3.24323119  2.77518191  4.4459425 ]",1.5585
66,0.6933,0.6874,"[ 2.47766703  4.68713975 -0.12085428  1.75637838  0.7753453   0.72358555
  1.02378778  2.31627496  2.34968884  3.24137405  2.77709402  4.44790539]",1.5491
67,0.6934,0.6499,"[ 2.47765943  4.68757221 -0.12084372  1.75636182  0.77527213  0.72360578
  1.02372373  2.31632198  2.34967313  3.24134642  2.77710999  4.44791267]",1.5486
68,0.6933,0.7032,"[ 2.47963583  4.68629642 -0.12257319  1.75831148  0.77708622  0.72166574
  1.02555716  2.31444827  2.3516201   3.24325977  2.7751622   4.44593549]",1.5577
69,0.6934,0.7056,"[ 2.48364182  4.68231282 -0.12680956  1.76232393  0.78111864  0.71765086
  1.0295882   2.31042202  2.35563554  3.24728308  2.7711474   4.44192965]",1.5778
70,0.6937,0.7212,"[ 2.4816449   4.68437908 -0.12508118  1.76033032  0.77913003  0.71964353
  1.02760028  2.31241108  2.35364485  3.24529609  2.77313892  4.44392659]",1.5674
71,0.6937,0.7192,"[ 2.47757028  4.68946688 -0.12038499  1.75617726  0.77466881  0.72382193
  1.02317641  2.3167496   2.34947884  3.24104181  2.77730079  4.44799904]",1.546
72,0.6933,0.7477,"[ 2.48355271  4.68410914 -0.12612342  1.76213925  0.78052013  0.71786668
  1.02904533  2.31084685  2.35543828  3.24697521  2.77134027  4.44201606]",1.5754
73,0.6933,0.676,"[ 2.48154469  4.68642305 -0.12407323  1.76012175  0.77844879  0.7198867
  1.02698291  2.31289167  2.35342005  3.24494518  2.77335781  4.44402385]",1.5648
74,0.6935,0.7347,"[ 2.48542278  4.68361557 -0.12717657  1.7638856   0.78185677  0.71615361
  1.03043182  2.30934959  2.35716081  3.24857552  2.76960858  4.44014274]",1.5834
75,0.6932,0.7062,"[ 2.48343036  4.68558147 -0.12551357  1.76190157  0.77990265  0.71813486
  1.02847459  2.311315    2.35518064  3.24660562  2.77158976  4.44213534]",1.573
76,0.6932,0.7088,"[ 2.48342169  4.6859873  -0.12542509  1.76188268  0.77982312  0.71815686
  1.02840605  2.31136495  2.35516109  3.24657308  2.77160876  4.44214372]",1.5725
77,0.6933,0.642,"[ 2.47943276  4.68987716 -0.12178733  1.75790604  0.77589547  0.72212918
  1.02447223  2.31531193  2.35118889  3.24261615  2.77558201  4.44613294]",1.5524
78,0.6933,0.7123,"[ 2.47944067  4.68981231 -0.12206364  1.75792285  0.77594875  0.72210883
  1.02452103  2.31527262  2.35120904  3.24264794  2.77556244  4.44612525]",1.5523
79,0.6932,0.6799,"[ 2.47550467  4.69240704 -0.11913014  1.75405741  0.77241291  0.72594679
  1.02093537  2.31894456  2.34735633  3.23888379  2.77941716  4.45006335]",1.5342
80,0.6934,0.7204,"[ 2.47751481  4.69030067 -0.12141923  1.75607898  0.77448393  0.72392058
  1.02300028  2.31689287  2.3493815   3.24092396  2.77739257  4.44805351]",1.5439
81,0.6935,0.6734,"[ 2.47951784  4.68841682 -0.1235633   1.75808521  0.77649628  0.72191279
  1.0250132   2.31488058  2.35138984  3.24293651  2.77538446  4.44605055]",1.5535
82,0.6934,0.6732,"[ 2.48348926  4.68523999 -0.12701113  1.76202356  0.78026577  0.71798444
  1.02880844  2.31103276  2.35532168  3.24682713  2.77144985  4.44207832]",1.5729
83,0.6933,0.7108,"[ 2.48147711  4.68759381 -0.12501096  1.75999792  0.77817117  0.72001466
  1.02672493  2.31309665  2.35329535  3.24478451  2.77347583  4.44409006]",1.5623
84,0.6932,0.7149,"[ 2.48343937  4.68631597 -0.1266242   1.76191916  0.77991149  0.71810643
  1.0284915   2.31127925  2.35520951  3.24665088  2.77155912  4.4421267 ]",1.5715
85,0.6934,0.6721,"[ 2.48337873  4.68745981 -0.12580038  1.76179247  0.77949392  0.71825388
  1.02811728  2.31157221  2.35506969  3.24643364  2.7716944   4.44218558]",1.5702
86,0.6931,0.6699,"[ 2.48138383  4.68945914 -0.1240953   1.75980318  0.77752302  0.72024121
  1.02614454  2.31354953  2.3530836   3.24445451  2.77368124  4.4441806 ]",1.5599
87,0.6935,0.7338,"[ 2.48145854  4.68897595 -0.12482926  1.75995013  0.77789519  0.72007174
  1.0264909   2.31325553  2.35324656  3.24469112  2.7735226   4.44410795]",1.5607
88,0.693,0.7071,"[ 2.48146578  4.68900214 -0.12510326  1.75996532  0.77793731  0.72005384
  1.02653053  2.31322304  2.35326543  3.24471969  2.77350462  4.44410088]",1.5606
89,0.6923,0.6627,"[ 2.47946689  4.69112265 -0.12326509  1.75796751  0.77593554  0.72205103
  1.02453083  2.31522088  2.35126958  3.24272523  2.77550077  4.44609976]",1.5504
90,0.6933,0.6707,"[ 2.47945371  4.69149944 -0.12323766  1.75793999  0.77583679  0.72208355
  1.02444395  2.31528858  2.35124127  3.24267999  2.77552873  4.44611249]",1.5499
91,0.6935,0.6677,"[ 2.47945374  4.69166479 -0.12335848  1.75793985  0.77582612  0.72208345
  1.02443656  2.31529224  2.35124275  3.24268132  2.77552741  4.44611242]",1.5496
92,0.6933,0.6667,"[ 2.48144075  4.6901621  -0.12520464  1.75991177  0.77771196  0.72011648
  1.02633824  2.31336563  2.35321301  3.24463244  2.77355635  4.444125  ]",1.5591
93,0.6935,0.7188,"[ 2.48741061  4.68501007 -0.13061861  1.76584705  0.78346849  0.71419185
  1.03212573  2.30752613  2.35914113  3.2505176   2.76762539  4.43815425]",1.5892
94,0.6932,0.6861,"[ 2.48921215  4.68543475 -0.13001855  1.76744708  0.78432681  0.71264393
  1.03309243  2.30635973  2.36068678  3.25185277  2.76605845  4.4363479 ]",1.5969
95,0.6931,0.69,"[ 2.48519399  4.68993062 -0.12573095  1.76340795  0.78017867  0.7166886
  1.02896511  2.31045536  2.356643    3.24778331  2.77010009  4.44036557]",1.5754
96,0.6934,0.6581,"[ 2.48517672  4.69045777 -0.12550986  1.76337095  0.78003569  0.7167317
  1.02884342  2.31054841  2.35660271  3.24771839  2.7701391   4.44038231]",1.5748
97,0.6936,0.7224,"[ 2.48134233  4.69426309 -0.12195616  1.75965527  0.7765126   0.72041396
  1.02530924  2.31410566  2.35290634  3.24410832  2.77383854  4.44422109]",1.556
98,0.693,0.7205,"[ 2.47735891  4.69790336 -0.11838678  1.75569052  0.77264069  0.72437076
  1.02141981  2.31801624  2.34894634  3.24017319  2.77779897  4.44820507]",1.5366
99,0.6923,0.7207,"[ 2.47735971  4.69804262 -0.11853128  1.75569221  0.77264007  0.72436844
  1.02142094  2.31801409  2.34894989  3.24017835  2.7777956   4.44820427]",1.5363
100,0.6932,0.7036,"[ 2.47737487  4.69787327 -0.11887176  1.75572423  0.77275236  0.72432896
  1.02151884  2.31793375  2.34898602  3.24023682  2.77775966  4.44818963]",1.5365
101,0.6935,0.7108,"[ 2.47737245  4.69810753 -0.11897627  1.7557193   0.77272923  0.72433481
  1.02150038  2.31794808  2.34898262  3.24023087  2.77776332  4.44819191]",1.5361
102,0.6935,0.6789,"[ 2.47737291  4.69835407 -0.11907626  1.75572008  0.77272122  0.72433357
  1.02149604  2.31794956  2.34898503  3.24023388  2.777761    4.44819143]",1.5359
103,0.6936,0.7158,"[ 2.47541504  4.69946429 -0.11785373  1.75380901  0.77104473  0.72622494
  1.01977496  2.31972372  2.34708295  3.23839246  2.77966377  4.45015081]",1.5271
104,0.6935,0.6545,"[ 2.47741126  4.69808899 -0.11986067  1.75580027  0.77298579  0.72423654
  1.02172937  2.31775746  2.34907596  3.24037764  2.77767142  4.44815434]",1.5361
105,0.6932,0.7435,"[ 2.48137904  4.69507968 -0.12342146  1.75973218  0.77672719  0.72031834
  1.02550946  2.31393186  2.35300299  3.24425949  2.77374348  4.44418541]",1.5547
106,0.6935,0.7152,"[ 2.48337715  4.69355759 -0.12535277  1.76172634  0.77866661  0.71832649
  1.02746387  2.31196238  2.35499861  3.24624677  2.77174835  4.44218713]",1.5644
107,0.6935,0.6792,"[ 2.48335574  4.69421813 -0.12501297  1.76168057  0.77848839  0.71838013
  1.02731357  2.31207856  2.35494841  3.24616612  2.77179697  4.44220786]",1.5638
108,0.6927,0.7124,"[ 2.47948951  4.6973133  -0.12217084  1.75793419  0.77509996  0.72208905
  1.02387421  2.31559021  2.35122736  3.24256047  2.77552385  4.44607795]",1.5453
109,0.6935,0.7101,"[ 2.48343238  4.69455976 -0.12539551  1.76181525  0.77868585  0.71822985
  1.02751761  2.31187745  2.35509695  3.24635587  2.77165139  4.44213319]",1.5639
110,0.6932,0.6831,"[ 2.48142995  4.69682817 -0.12348341  1.75980985  0.77665341  0.72023623
  1.02549279  2.3138954   2.35309272  3.24434775  2.77365574  4.4441355 ]",1.5535
111,0.6931,0.7251,"[ 2.48145634  4.6962869  -0.12411392  1.75986564  0.77685541  0.72016862
  1.02566566  2.31375521  2.35315587  3.24444881  2.77359369  4.44411   ]",1.5539
112,0.6935,0.7151,"[ 2.48145254  4.69659735 -0.12419639  1.75985739  0.77681203  0.72017873
  1.0256315   2.31378111  2.35314886  3.24443592  2.77360101  4.44411361]",1.5535
113,0.6934,0.7258,"[ 2.47943334  4.69901151 -0.12215203  1.75781802  0.77467571  0.72222599
  1.02351468  2.31587751  2.35110805  3.2423714   2.77564177  4.44613207]",1.5429
114,0.6934,0.6684,"[ 2.47744821  4.70084317 -0.12056531  1.75584932  0.77278199  0.72418831
  1.02160719  2.31780187  2.34914458  3.24042883  2.77760618  4.44811767]",1.5332
115,0.6932,0.6934,"[ 2.48337211  4.69586722 -0.12594335  1.76169861  0.77835168  0.71836304
  1.02722525  2.31212352  2.3549793   3.24618541  2.77176743  4.44219143]",1.5615
116,0.6933,0.6795,"[ 2.48334834  4.69651244 -0.12567744  1.76164849  0.77816222  0.71842232
  1.02706608  2.31224989  2.35492481  3.24609852  2.77182066  4.4422144 ]",1.5608
117,0.6934,0.7032,"[ 2.48132389  4.69891372 -0.12361447  1.75959898  0.77600685  0.7204799
  1.02493088  2.31436167  2.35287137  3.2440177   2.77387287  4.44423806]",1.5501
118,0.6934,0.6746,"[ 2.47744911  4.70121932 -0.12116578  1.75584919  0.77276296  0.72418329
  1.02159273  2.31780158  2.34914654  3.24043331  2.77760155  4.44811704]",1.5324
119,0.6933,0.6724,"[ 2.47965673  4.69922718 -0.12370672  1.75818914  0.77526609  0.72181058
  1.0240948   2.31531626  2.35151072  3.24287996  2.7752431   4.44591454]",1.5435
120,0.6932,0.7033,"[ 2.48291569  4.69672016 -0.12663725  1.76131562  0.77821665  0.71870861
  1.02707089  2.31231036  2.35462185  3.24593219  2.77212795  4.44264876]",1.5587
121,0.6935,0.7076,"[ 2.48091459  4.69916205 -0.12463067  1.75931195  0.77616871  0.72071397
  1.0250367   2.31433352  2.35261987  3.2439245   2.77413043  4.44464973]",1.5483
122,0.6935,0.6762,"[ 2.48488664  4.69605754 -0.12806354  1.76325218  0.77992938  0.71678449
  1.02883848  2.31048835  2.3565535   3.24781802  2.77019462  4.44067676]",1.5677
123,0.6932,0.6813,"[ 2.48288416  4.69827629 -0.12619462  1.76124669  0.77789698  0.71879094
  1.02681386  2.31250624  2.35454911  3.24580966  2.77219913  4.44267912]",1.5572
124,0.6932,0.6702,"[ 2.48286446  4.6989014  -0.12593729  1.76120485  0.77772946  0.71884055
  1.02667587  2.31261522  2.35450363  3.24573644  2.77224349  4.44269813]",1.5566
125,0.6935,0.6749,"[ 2.47887309  4.70284808 -0.12224232  1.7572228   0.77378691  0.72281855
  1.02272613  2.31657233  2.35052512  3.24176982  2.77622244  4.44668979]",1.5367
126,0.6935,0.6696,"[ 2.4808865   4.70092038 -0.12449156  1.75924984  0.77585906  0.7207862
  1.02479223  2.31451393  2.35255659  3.24381682  2.77419162  4.44467681]",1.5464
127,0.6934,0.6761,"[ 2.47888644  4.70307231 -0.12262482  1.75724954  0.77384873  0.72278612
  1.02278578  2.31651719  2.35055772  3.2418179   2.77619051  4.44667685]",1.5364
128,0.6931,0.7133,"[ 2.47884999  4.70365188 -0.12245504  1.75717692  0.77362679  0.72287261
  1.02259303  2.31668241  2.35048071  3.24170121  2.77626707  4.44671194]",1.5355
129,0.6931,0.689,"[ 2.48082867  4.70239266 -0.1241923   1.75913196  0.77544588  0.72092673
  1.02444543  2.31480146  2.35243253  3.24362334  2.7743146   4.44473246]",1.5445
130,0.6929,0.7117,"[ 2.48080529  4.70322597 -0.12385369  1.75908249  0.775244    0.72098623
  1.02428174  2.31493322  2.35237906  3.24353679  2.77436722  4.44475496]",1.5437
131,0.6936,0.7166,"[ 2.48678392  4.69788724 -0.12948987  1.76503726  0.78106585  0.71503931
  1.03013641  2.30904889  2.35832892  3.24945747  2.76841567  4.43877563]",1.5735
132,0.6932,0.7108,"[ 2.48473937  4.70090268 -0.12686231  1.7629442   0.77872246  0.71714948
  1.02785248  2.31128071  2.35622545  3.24729518  2.77051648  4.44081865]",1.5621
133,0.6934,0.6808,"[ 2.4807601   4.70461167 -0.12343308  1.75898743  0.77487316  0.72109738
  1.02397917  2.31517455  2.35227558  3.24337343  2.7744675   4.44479862]",1.5422
134,0.6935,0.6676,"[ 2.48274715  4.70331739 -0.12523453  1.76095935  0.77673815  0.71913179
  1.02587457  2.31325744  2.35424618  3.24532333  2.77249679  4.44281103]",1.5515
135,0.693,0.6796,"[ 2.48533463  4.70116979 -0.12766133  1.76367219  0.77943026  0.71639897
  1.02859764  2.31051308  2.35697233  3.24807676  2.76977228  4.44023117]",1.5648
136,0.6931,0.7118,"[ 2.48338755  4.70270631 -0.12649475  1.76177902  0.77774895  0.71827414
  1.02687419  2.31227661  2.35509507  3.24625891  2.77165344  4.4421799 ]",1.5551
137,0.6934,0.7281,"[ 2.48538004  4.70110664 -0.12848992  1.76376292  0.77967306  0.71629342
  1.02881558  2.31032282  2.35707873  3.24823148  2.76966964  4.44018711]",1.5648
138,0.6934,0.7343,"[ 2.48337169  4.70355827 -0.12649789  1.76174502  0.77758772  0.71831511
  1.02675005  2.31237501  2.35506057  3.24620077  2.77168777  4.44219511]",1.5541
139,0.6934,0.6775,"[ 2.47994088  4.70625399 -0.12420047  1.75852593  0.77472384  0.72148533
  1.02383369  2.31534437  2.35187869  3.24314235  2.77487776  4.44563588]",1.538
140,0.6931,0.7126,"[ 2.47796611  4.70804511 -0.1227285   1.756578    0.77289916  0.72342241
  1.02198238  2.3172181   2.34993827  3.24123479  2.77681927  4.44761153]",1.5284
141,0.6936,0.669,"[ 2.4799748   4.70628838 -0.12490632  1.75859518  0.77493407  0.72140229
  1.02401764  2.31518546  2.35195937  3.24326482  2.77479894  4.44560309]",1.5379
142,0.693,0.6873,"[ 2.48194215  4.70477068 -0.12682523  1.76053019  0.77673337  0.71947908
  1.02584579  2.3133333   2.3538894   3.24515995  2.77286793  4.44363456]",1.547
143,0.6935,0.7078,"[ 2.48510538  4.70277115 -0.1292249   1.76346935  0.77933274  0.7165874
  1.02849821  2.31063161  2.35679425  3.2479505   2.76995463  4.4404603 ]",1.5614
144,0.6933,0.7213,"[ 2.48704244  4.70222323 -0.13001272  1.76533768  0.78083759  0.71474246
  1.03009552  2.30896116  2.35864456  3.24971787  2.76809915  4.43852115]",1.5704
145,0.6934,0.6581,"[ 2.4811299   4.70813117 -0.1244397   1.75949343  0.77511884  0.72056748
  1.02436709  2.3147038   2.35281756  3.24394271  2.7739301   4.44443616]",1.5407
146,0.6932,0.7093,"[ 2.47914156  4.71003653 -0.122833    1.75751774  0.77320344  0.72253783
  1.02243773  2.31664346  2.35084653  3.24198785  2.77590177  4.4464249 ]",1.5308
147,0.6932,0.663,"[ 2.48321737  4.70626886 -0.12715391  1.76165714  0.77747571  0.71837801
  1.02670029  2.31239688  2.35500103  3.24619681  2.77174997  4.44235149]",1.5511
148,0.6931,0.7131,"[ 2.4814246   4.70695007 -0.12685355  1.7600521   0.77648367  0.71991947
  1.02559478  2.31359937  2.35344018  3.24481959  2.77331985  4.44415105]",1.5435
149,0.6933,0.7216,"[ 2.4853962   4.70392509 -0.13034715  1.76399202  0.78023057  0.71599176
  1.02939523  2.30976201  2.35737391  3.24871306  2.76938467  4.44017839]",1.5628
150,0.6935,0.6705,"[ 2.48134046  4.70932408 -0.125589    1.7598765   0.77578698  0.72013151
  1.02503886  2.31406157  2.35324695  3.24451242  2.7735099   4.44423197]",1.5412
151,0.6928,0.6668,"[ 2.48522815  4.70696492 -0.12827926  1.76365405  0.7790957   0.71639068
  1.02845997  2.31055893  2.35699685  3.24814437  2.76975294  4.44034058]",1.5594
152,0.6931,0.6939,"[ 2.48917151  4.70430667 -0.13106681  1.76753577  0.78264269  0.71252971
  1.03210024  2.30685686  2.36086129  3.25193447  2.76588358  4.43639531]",1.5791
153,0.6932,0.6892,"[ 2.48120298  4.71164926 -0.12410803  1.75960145  0.7748907   0.72045049
  1.02429809  2.31468888  2.3529377   3.24405382  2.77380906  4.44436497]",1.5384
154,0.6932,0.6734,"[ 2.48120444  4.71182329 -0.12431488  1.75960428  0.77488906  0.7204469
  1.02430022  2.31468552  2.35294261  3.2440604   2.7738044   4.44436353]",1.5381
155,0.6935,0.7122,"[ 2.47921878  4.71363203 -0.12278192  1.75763428  0.77300225  0.72240995
  1.02239123  2.31660737  2.35097783  3.24211613  2.7757697   4.44634973]",1.5284
156,0.6932,0.6939,"[ 2.48323452  4.7105273  -0.12660504  1.76165805  0.77694857  0.71838553
  1.02637567  2.31260732  2.35500476  3.24614063  2.77174334  4.44233437]",1.5476
157,0.6934,0.6636,"[ 2.48513976  4.71043018 -0.12713617  1.76346497  0.77825891  0.71661503
  1.02782295  2.31108056  2.35678757  3.2478083   2.76995568  4.4404257 ]",1.5559
158,0.6933,0.6675,"[ 2.48710858  4.70945771 -0.12839769  1.76539906  0.77997716  0.71469357
  1.02960928  2.30925811  2.35871304  3.24968967  2.76802811  4.43845573]",1.5653
159,0.6934,0.6679,"[ 2.48507859  4.71224642 -0.12602403  1.76333794  0.77774676  0.71676573
  1.02742988  2.3114108   2.35664484  3.2475851   2.77009461  4.44048464]",1.5543
160,0.6933,0.7062,"[ 2.48507219  4.7125538  -0.1262007   1.76332454  0.77768334  0.71678181
  1.02738375  2.3114493   2.35663152  3.247563    2.77010797  4.44049075]",1.5537
161,0.6932,0.6699,"[ 2.48306361  4.71500566 -0.12421939  1.76130642  0.77559563  0.71880383
  1.02532053  2.31350245  2.35461291  3.24553202  2.77212659  4.44249895]",1.5431
162,0.6932,0.699,"[ 2.48109508  4.71677784 -0.1229017   1.75936995  0.77379974  0.72072801
  1.02348879  2.31535376  2.35268665  3.24364295  2.77405442  4.44446861]",1.5333
163,0.6933,0.7185,"[ 2.4811163   4.71645633 -0.12356595  1.75941417  0.77396995  0.72067411
  1.02362181  2.31523861  2.35273852  3.24372439  2.77400349  4.44444818]",1.5334
164,0.6932,0.7123,"[ 2.47913693  4.71799657 -0.12211171  1.75745724  0.77214737  0.72261997
  1.02175779  2.31711918  2.35078753  3.24180356  2.77595438  4.44642843]",1.5239
165,0.6935,0.715,"[ 2.47714365  4.72014088 -0.12037714  1.75547105  0.77019095  0.72460278
  1.01979498  2.31908567  2.34880461  3.23982991  2.7779375   4.44842195]",1.5141
166,0.6935,0.6767,"[ 2.48506849  4.71397229 -0.12746486  1.76332012  0.77764668  0.7167847
  1.02736791  2.31146115  2.35663809  3.24757487  2.77010252  4.44049414]",1.5515
167,0.6931,0.6456,"[ 2.48105501  4.71857329 -0.12332155  1.75929166  0.77351351  0.72081909
  1.02327122  2.31554261  2.35260731  3.24352478  2.77413287  4.44450705]",1.531
168,0.6934,0.7023,"[ 2.48105164  4.71894786 -0.12338634  1.75928439  0.77346849  0.72082773
  1.02324146  2.31556677  2.35260065  3.24351307  2.7741395   4.44451025]",1.5306
169,0.6933,0.6985,"[ 2.48499851  4.71653375 -0.12643594  1.76317451  0.77701911  0.71696097
  1.02690313  2.31186082  2.35647778  3.24731955  2.77026071  4.44056122]",1.5491
170,0.6935,0.7092,"[ 2.48296208  4.71941796 -0.12403787  1.76110019  0.77473171  0.71905073
  1.02468416  2.31405338  2.35439566  3.2451917   2.77234201  4.44259616]",1.5381
171,0.6934,0.6559,"[ 2.48487221  4.71932301 -0.12453848  1.76291748  0.77605088  0.71726914
  1.0261622   2.3125128   2.35618853  3.24687454  2.77054528  4.44068257]",1.5463
172,0.6935,0.6666,"[ 2.48293812  4.72060087 -0.12359661  1.76104937  0.77449503  0.71910964
  1.02451473  2.31419347  2.35433807  3.24510134  2.7723969   4.44261929]",1.5371
173,0.693,0.6659,"[ 2.47694604  4.72664286 -0.11795864  1.7550657   0.76855237  0.72508936
  1.01856046  2.3201521   2.3483582   3.23913254  2.77837701  4.44861167]",1.5079
174,0.6931,0.7387,"[ 2.48093664  4.72352927 -0.12187649  1.75904583  0.77244475  0.72111422
  1.02248825  2.31621527  2.35233788  3.24309814  2.7743976   4.4446206 ]",1.5263
175,0.6935,0.6783,"[ 2.48097603  4.72391723 -0.12213244  1.75911992  0.77259907  0.72102798
  1.02263585  2.31607508  2.35242274  3.24321523  2.7743142   4.44458261]",1.5263
176,0.6932,0.6904,"[ 2.48099289  4.7237323  -0.12265646  1.75915466  0.77273416  0.72098473
  1.0227386   2.31598219  2.35246334  3.2432791   2.77427378  4.44456646]",1.5263
177,0.6932,0.6972,"[ 2.48697931  4.71862342 -0.12835998  1.76512546  0.77857375  0.71502121
  1.02863033  2.31007564  2.35843206  3.24922598  2.76830511  4.43857938]",1.5556
178,0.6931,0.6753,"[ 2.48098783  4.72457278 -0.12280187  1.75914308  0.77263904  0.72099927
  1.02268107  2.31602967  2.35245372  3.24325963  2.77428374  4.4445712 ]",1.5254
179,0.6932,0.7127,"[ 2.4790188   4.72630174 -0.12144042  1.75720592  0.7708698   0.72292164
  1.02085955  2.31786724  2.35052545  3.241371    2.77621214  4.44654155]",1.516
180,0.6934,0.7125,"[ 2.47704069  4.72767109 -0.12001249  1.75525166  0.76908187  0.72486272
  1.01901069  2.31972974  2.34857694  3.23945582  2.7781598   4.4485207 ]",1.5069
181,0.6934,0.6803,"[ 2.48041874  4.72632491 -0.12217188  1.75837015  0.77157484  0.72182887
  1.0216567   2.31703425  2.35165787  3.24235237  2.77508048  4.44512698]",1.5206
182,0.6934,0.7243,"[ 2.48425753  4.72425872 -0.12507618  1.76207069  0.774734    0.71818421
  1.02497188  2.31367413  2.35533103  3.24588687  2.77140725  4.44128169]",1.5376
183,0.6934,0.7201,"[ 2.48031317  4.72702803 -0.1225094   1.75818489  0.77119521  0.72204387
  1.02131281  2.31736693  2.35146229  3.24209203  2.77527716  4.44522842]",1.5187
184,0.6934,0.7064,"[ 2.4783257   4.72907913 -0.12090369  1.75621082  0.76930059  0.72401097
  1.01939167  2.31929484  2.3494927   3.2401406   2.77724658  4.44721643]",1.509
185,0.6932,0.6767,"[ 2.47834753  4.72875636 -0.12147064  1.75625585  0.76948996  0.72395398
  1.0195309   2.31916767  2.3495442   3.24022302  2.77719474  4.4471956 ]",1.5091
186,0.6933,0.67,"[ 2.47833628  4.72988727 -0.1213804   1.75623229  0.76935994  0.72398412
  1.01944527  2.31924495  2.34952021  3.24018236  2.77721932  4.44720624]",1.5082
187,0.6935,0.6766,"[ 2.48426562  4.72614697 -0.12610233  1.76208735  0.77473899  0.71816259
  1.02499901  2.31364733  2.35535794  3.2459266   2.77138076  4.44127375]",1.5354
188,0.6933,0.701,"[ 2.48223386  4.72903074 -0.12382116  1.76002306  0.77247711  0.72024132
  1.02280886  2.31582045  2.35328726  3.24381642  2.77345132  4.44330407]",1.5246
189,0.6933,0.7236,"[ 2.48004785  4.73246066 -0.12092509  1.7576851   0.76961054  0.72264241
  1.02008479  2.3185115   2.35092139  3.2413047   2.77581921  4.44548231]",1.5122
190,0.6924,0.7306,"[ 2.48009293  4.73191733 -0.12183273  1.75777686  0.76998629  0.72252707
  1.0203575   2.3182575   2.35102499  3.24146848  2.77571465  4.44543934]",1.5127
191,0.6933,0.7295,"[ 2.48010841  4.73242977 -0.12213279  1.75780744  0.77007546  0.7224892
  1.02043341  2.31818538  2.35106058  3.24152201  2.77567893  4.44542454]",1.5123
192,0.6933,0.6763,"[ 2.48011669  4.73292625 -0.12242592  1.75782398  0.77011905  0.72246918
  1.02047257  2.31814873  2.35108141  3.24155264  2.77565851  4.44541656]",1.5119
193,0.6933,0.7066,"[ 2.47783091  4.73557929 -0.12019448  1.75539351  0.76753286  0.72494607
  1.0178836   2.32073503  2.34863334  3.23902216  2.77810966  4.44769264]",1.5
194,0.6932,0.7155,"[ 2.47983306  4.73433501 -0.12235153  1.75739761  0.76952876  0.72294093
  1.01988789  2.31873016  2.35063967  3.24103085  2.77610343  4.44569054]",1.5088
195,0.6935,0.7239,"[ 2.47785612  4.73598957 -0.12095743  1.75544522  0.76774884  0.72487961
  1.01804027  2.32058712  2.34869377  3.23911863  2.7780484   4.44766862]",1.4995
196,0.6934,0.7059,"[ 2.48186457  4.73243915 -0.12518941  1.75946209  0.77180177  0.72085797
  1.02208432  2.31654425  2.35271387  3.24314956  2.77402801  4.44366057]",1.5183
197,0.6933,0.6777,"[ 2.47983154  4.73552125 -0.12282263  1.75739517  0.76951399  0.72294083
  1.01988171  2.31873149  2.35064025  3.24103413  2.77610176  4.44569203]",1.5076
198,0.6932,0.6916,"[ 2.47978768  4.7358631  -0.12288008  1.7573149   0.7693323   0.72303705
  1.01971693  2.31889139  2.35055538  3.24091558  2.77618772  4.44573385]",1.5067
199,0.6932,0.7105,"[ 2.48371169  4.73365158 -0.12610674  1.76116542  0.77276993  0.71922221
  1.02330487  2.31528083  2.35439174  3.24466552  2.77235295  4.44180617]",1.5242
200,0.6935,0.7207,"[ 2.47979194  4.73609408 -0.12371587  1.7573279   0.76944274  0.72301936
  1.01978511  2.31883061  2.35057647  3.24095354  2.77616782  4.44572972]",1.5061
201,0.6931,0.6963,"[ 2.47996299  4.73594423 -0.12468171  1.75762743  0.77010652  0.72266577
  1.02036647  2.31826513  2.35090114  3.24139265  2.77584063  4.44556593]",1.5073
202,0.6932,0.682,"[ 2.47995004  4.73695617 -0.12456792  1.75760056  0.76995801  0.72269993
  1.0202721   2.31835255  2.35087293  3.24134591  2.77586929  4.44557817]",1.5064
203,0.6932,0.6906,"[ 2.47797684  4.73869367 -0.12325306  1.75565535  0.76819985  0.72463006
  1.01844144  2.3201927   2.34893569  3.23944569  2.77780593  4.44755269]",1.4971
204,0.6931,0.6963,"[ 2.48195118  4.73645518 -0.12694474  1.75960261  0.77192064  0.72069864
  1.02226106  2.31636392  2.35288016  3.24335358  2.77386315  4.44357691]",1.5147
205,0.6932,0.7374,"[ 2.4799774   4.73801134 -0.12566823  1.75765606  0.77015477  0.72263088
  1.02042438  2.31820941  2.35094197  3.2414509   2.77580108  4.44555196]",1.5053
206,0.6934,0.6776,"[ 2.47997184  4.73870621 -0.1257795   1.75764473  0.7700865   0.7226456
  1.020383    2.31824882  2.35093165  3.24143313  2.77581197  4.44555716]",1.5046
207,0.6932,0.6986,"[ 2.48795422  4.73192988 -0.13337602  1.76560786  0.77787674  0.71469206
  1.02825229  2.31036936  2.35889113  3.24936671  2.76785249  4.43757388]",1.5431
208,0.6932,0.6942,"[ 2.4879034   4.73343324 -0.13231307  1.7655037   0.77739589  0.71481981
  1.02792743  2.31066894  2.35877134  3.24918034  2.76797038  4.43762236]",1.5419
209,0.6932,0.6969,"[ 2.48578136  4.73694698 -0.12941281  1.76327495  0.77470254  0.71709151
  1.02539028  2.31318079  2.35651399  3.24681625  2.77022507  4.43973922]",1.5297
210,0.6932,0.6989,"[ 2.4877861   4.73526994 -0.13166781  1.76528406  0.776715    0.71508019
  1.02740755  2.31116313  2.358526    3.24883313  2.76821318  4.43773467]",1.5393
211,0.6934,0.7043,"[ 2.48770067  4.73763952 -0.12967616  1.76510994  0.77592253  0.71529428
  1.02687741  2.31166066  2.3583246   3.24852121  2.7684121   4.43781612]",1.5376
212,0.6934,0.6604,"[ 2.48168973  4.74427368 -0.12363192  1.75908746  0.76980312  0.72132189
  1.02080357  2.31772991  2.35230013  3.24248219  2.77443642  4.44382651]",1.5074
213,0.6933,0.6821,"[ 2.47996295  4.74379268 -0.12425815  1.75760608  0.76950189  0.72267855
  1.02008728  2.31846705  2.35087109  3.24132659  2.77585598  4.445567  ]",1.5016
214,0.6932,0.6769,"[ 2.4799696   4.74410519 -0.12459474  1.75761946  0.76954846  0.72266136
  1.0201237   2.31843134  2.35088787  3.24135229  2.77583914  4.44556066]",1.5012
215,0.6932,0.6906,"[ 2.4819429   4.74353275 -0.12617845  1.75956473  0.77125965  0.72073093
  1.02194285  2.31660465  2.35282773  3.24325519  2.77389992  4.44358593]",1.5096
216,0.6931,0.6966,"[ 2.47596976  4.74881603 -0.1210283   1.75361972  0.76553133  0.72665997
  1.01611859  2.32243375  2.34689119  3.23735684  2.77983564  4.44956048]",1.4817
217,0.693,0.7191,"[ 2.47600475  4.74968115 -0.12174871  1.75369022  0.76585397  0.72656826
  1.01633449  2.32222     2.3469705   3.23748327  2.77975438  4.44952741]",1.4813
218,0.6934,0.7157,"[ 2.48000886  4.74680103 -0.1259432   1.75769842  0.7698786   0.72255711
  1.02035609  2.31819761  2.35098092  3.24149961  2.77574359  4.44552351]",1.4991
219,0.6932,0.7056,"[ 2.48000981  4.74744094 -0.12621141  1.75770019  0.76986138  0.72255539
  1.02035332  2.31820103  2.35098525  3.2415046   2.77573973  4.44552253]",1.4984
220,0.6934,0.6662,"[ 2.48401563  4.74462433 -0.12999131  1.76170826  0.77376987  0.71854841
  1.02432877  2.31422353  2.35499632  3.24551163  2.77172951  4.44151681]",1.517
221,0.6933,0.6991,"[ 2.48402984  4.74494073 -0.1303359   1.76173622  0.77386729  0.71851249
  1.02440346  2.31414863  2.35502894  3.24556138  2.77169634  4.44150334]",1.5168
222,0.6933,0.6572,"[ 2.48206967  4.74668516 -0.12925352  1.75981477  0.77216464  0.72041485
  1.02261774  2.31593979  2.35312065  3.2436989   2.77360501  4.44346546]",1.5071
223,0.6933,0.6682,"[ 2.4766377   4.75191754 -0.12499972  1.75459117  0.76739765  0.7255627
  1.01772539  2.32083787  2.34793035  3.23864549  2.77878987  4.4489146 ]",1.4822
224,0.6934,0.6754,"[ 2.47864124  4.75063662 -0.12722758  1.75659818  0.76941337  0.72355333
  1.0197422   2.31882052  2.34993973  3.24065967  2.77678033  4.44691122]",1.4908
225,0.6932,0.7266,"[ 2.48058298  4.74969412 -0.12886754  1.75848516  0.77098572  0.72169506
  1.02143606  2.31712244  2.35181542  3.24247241  2.77490598  4.44496638]",1.4989
226,0.6932,0.686,"[ 2.47661289  4.75303632 -0.1257373   1.754546    0.76729835  0.72561568
  1.01763268  2.32092697  2.34788533  3.23858413  2.77883497  4.44893812]",1.4805
227,0.6933,0.6836,"[ 2.47891511  4.74923058 -0.12975579  1.75705085  0.77052043  0.72302452
  1.02061313  2.31795665  2.3504365   3.24130901  2.77628242  4.44664865]",1.4927
228,0.6929,0.6716,"[ 2.48480855  4.74509101 -0.13482393  1.76284806  0.7757923   0.71727525
  1.02608778  2.31247133  2.35621149  3.24697844  2.7705083   4.44074982]",1.5194
229,0.6934,0.6773,"[ 2.48479659  4.7457191  -0.13490182  1.76282349  0.77564919  0.7173061
  1.02600302  2.31255239  2.35618473  3.2469354   2.770535    4.44076113]",1.5186
230,0.6931,0.6706,"[ 2.48081339  4.74945651 -0.1316717   1.75885766  0.77181092  0.7212624
  1.0221093   2.31644857  2.35222582  3.24299926  2.77449408  4.44474518]",1.499
231,0.6934,0.7084,"[ 2.47887586  4.75007244 -0.13101608  1.75698326  0.77041488  0.72309997
  1.02050221  2.31805924  2.35036839  3.24122347  2.7763498   4.44668618]",1.4906
232,0.6932,0.6786,"[ 2.47538425  4.7525805  -0.12919181  1.75380753  0.76808501  0.72614128
  1.0179554   2.32061445  2.34725352  3.2383572   2.77945897  4.45019945]",1.4763
233,0.6932,0.7363,"[ 2.47944811  4.74830427 -0.13420967  1.75793306  0.77258724  0.72198174
  1.02231288  2.31626274  2.35139581  3.24257347  2.77531593  4.446139  ]",1.4954
234,0.6932,0.6753,"[ 2.48144381  4.74689271 -0.13631973  1.75992402  0.774514    0.71999325
  1.02427474  2.31429888  2.35338716  3.24455845  2.77332468  4.44414302]",1.5044
235,0.6931,0.6988,"[ 2.47745566  4.75085639 -0.13287932  1.75594787  0.77061385  0.72396285
  1.0203454   2.31823005  2.3494164   3.24060286  2.77729579  4.44813176]",1.4852
236,0.6932,0.698,"[ 2.47934302  4.75206963 -0.1334478   1.75772505  0.77159595  0.72224836
  1.02167017  2.31689681  2.35116935  3.24222069  2.77554527  4.44623812]",1.4914
237,0.6933,0.6854,"[ 2.4793529   4.75228448 -0.13386516  1.75774456  0.77166508  0.7222233
  1.02172343  2.31684349  2.35119327  3.24225654  2.77552141  4.44622876]",1.4911
238,0.6932,0.6982,"[ 2.48333113  4.74947805 -0.13737808  1.76169996  0.77540331  0.71827964
  1.02556982  2.31299199  2.35514276  3.24617668  2.77157135  4.44224935]",1.5094
239,0.6931,0.7182,"[ 2.47923057  4.75378005 -0.1335605   1.75752247  0.77101515  0.72248904
  1.02122338  2.31733367  2.35094643  3.24191626  2.77576628  4.4463453 ]",1.4886
240,0.6933,0.7075,"[ 2.47947447  4.75251168 -0.13522985  1.75793726  0.77203577  0.72199687
  1.02204783  2.31651234  2.35140138  3.24251995  2.77531022  4.44611257]",1.4909
241,0.6932,0.665,"[ 2.4834356   4.75001777 -0.1386461   1.76185992  0.77567937  0.71809088
  1.02581699  2.31273332  2.35531058  3.24638553  2.77139817  4.44214959]",1.5089
242,0.6933,0.678,"[ 2.48143523  4.75239755 -0.13690958  1.75985894  0.77365283  0.72009178
  1.02380772  2.3147415   2.35331095  3.24438521  2.77339777  4.44414993]",1.4987
243,0.693,0.6799,"[ 2.4814647   4.75213596 -0.13787282  1.7599177   0.77390608  0.7200178
  1.02398087  2.31457158  2.35338124  3.24449095  2.7733285   4.44412197]",1.4986
244,0.6932,0.7011,"[ 2.48920897  4.74665481 -0.14370255  1.7674836   0.78075634  0.71251946
  1.03110326  2.3074324   2.36089266  3.25185683  2.76580805  4.43636733]",1.5353
245,0.6933,0.7036,"[ 2.48519939  4.75155539 -0.13967988  1.76346249  0.77657008  0.71654738
  1.02700948  2.31152384  2.35686951  3.24781608  2.76983125  4.44037631]",1.5142
246,0.6933,0.6843,"[ 2.48115982  4.7555346  -0.13641568  1.75939165  0.77243305  0.72063152
  1.02287269  2.31565968  2.35279191  3.24371267  2.77390847  4.44441396]",1.4937
247,0.6933,0.6816,"[ 2.47918267  4.75701564 -0.13535584  1.75743752  0.77066304  0.72257179
  1.02101749  2.31751321  2.35084597  3.24179658  2.77585419  4.4463924 ]",1.4843
248,0.6934,0.7125,"[ 2.48122436  4.75763303 -0.1362366   1.75946887  0.77205955  0.72056244
  1.0227672   2.31576912  2.35287159  3.24375964  2.77382995  4.44435125]",1.4922
249,0.6933,0.7006,"[ 2.48507619  4.75620069 -0.13856482  1.76320385  0.77504587  0.71687784
  1.02609886  2.3124354   2.35656506  3.24733496  2.77012999  4.44049315]",1.5089
250,0.6933,0.7155,"[ 2.48113134  4.76041302 -0.13511537  1.75930184  0.7712396   0.72075918
  1.02228756  2.31624298  2.3526759   3.24348357  2.77401875  4.44444082]",1.4896
251,0.6931,0.6626,"[ 2.47911905  4.76282124 -0.13338099  1.75727818  0.76914041  0.72278842
  1.02022192  2.31830866  2.35065041  3.24144583  2.77604418  4.44645241]",1.4795
252,0.693,0.6709,"[ 2.4830646   4.761647   -0.13600665  1.76116805  0.77246861  0.71893122
  1.02385142  2.31468977  2.35452448  3.24524673  2.77217075  4.44250363]",1.4965
253,0.6932,0.6743,"[ 2.48103347  4.76507393 -0.13350916  1.75910564  0.77010831  0.72101121
  1.02164933  2.31689784  2.35245346  3.24313598  2.7742419   4.44453294]",1.4857
254,0.6933,0.6768,"[ 2.48499472  4.76320943 -0.13689443  1.76302804  0.77363966  0.71711242
  1.02539443  2.31316582  2.35636606  3.24699787  2.77033052  4.4405693 ]",1.5031
255,0.6933,0.6721,"[ 2.48298587  4.76613844 -0.13505406  1.76101002  0.77150182  0.71913589
  1.02332869  2.31523531  2.35434691  3.24496641  2.77234999  4.44257758]",1.4925
256,0.6932,0.7027,"[ 2.48302217  4.76635797 -0.1359963   1.76107802  0.77171753  0.71905618
  1.02348749  2.31507776  2.3544321   3.24508234  2.77226799  4.44254285]",1.492
257,0.6934,0.6759,"[ 2.48102152  4.76945029 -0.13428013  1.75907648  0.76966934  0.72105852
  1.02147405  2.31709358  2.35243235  3.24308105  2.77426804  4.4445434 ]",1.4815
258,0.693,0.6743,"[ 2.48098832  4.77093165 -0.13399841  1.7590114   0.76931502  0.72114256
  1.02127451  2.31730499  2.35235925  3.24296861  2.77434202  4.44457455]",1.4801
259,0.6934,0.6788,"[ 2.47915438  4.77261979 -0.13341081  1.75730681  0.76816823  0.72277547
  1.0199236   2.31862644  2.35068831  3.24142591  2.77600739  4.44641796]",1.472
260,0.6931,0.6911,"[ 2.48118123  4.77478927 -0.136238    1.75936005  0.77046221  0.72070449
  1.02209187  2.31644413  2.3527506   3.24352332  2.77394375  4.44439281]",1.4786
261,0.6931,0.7032,"[ 2.48515728  4.77262996 -0.13987435  1.76331197  0.77411745  0.71676759
  1.0259266   2.31262456  2.35669601  3.24743685  2.76999887  4.44041522]",1.4963
262,0.6933,0.7258,"[ 2.48312916  4.77608674 -0.13775918  1.76125633  0.77176027  0.71884059
  1.02374537  2.31482322  2.35463321  3.2453386   2.7720626   4.4424415 ]",1.4851
263,0.693,0.7036,"[ 2.48510752  4.77570692 -0.13935793  1.76321295  0.77344206  0.71689732
  1.02559691  2.31298685  2.35658362  3.24726044  2.77011253  4.44046174]",1.4935
264,0.6933,0.7225,"[ 2.48511155  4.77630788 -0.1400648   1.76322059  0.77344245  0.71688763
  1.02561205  2.31297178  2.35659452  3.24727539  2.7701018   4.44045792]",1.4925
265,0.6934,0.706,"[ 2.4812391   4.77881024 -0.13856659  1.7594635   0.77054126  0.72057555
  1.02228163  2.3162467   2.35287788  3.24369299  2.77381614  4.44433822]",1.4747
266,0.6931,0.6952,"[ 2.47922659  4.78239578 -0.13674848  1.75743879  0.76835627  0.72260847
  1.02019667  2.3183425   2.35085136  3.24165067  2.77584334  4.44634986]",1.4639
267,0.6934,0.6755,"[ 2.47554009  4.79964762 -0.1349827   1.75397871  0.76594776  0.72593392
  1.01735402  2.3211009   2.34744527  3.2384639   2.77923585  4.45005526]",1.4399
268,0.6933,0.6734,"[ 2.47554631  4.8270624  -0.13551786  1.75399074  0.76598553  0.725917
  1.01739014  2.32105835  2.34746074  3.23848769  2.77921971  4.45004949]",1.4236
269,0.6932,0.6963,"[ 2.48400181  4.83688713 -0.15175091  1.76256541  0.77399252  0.7173001
  1.02599024  2.31253228  2.35606116  3.24712273  2.77061402  4.44161292]",1.4444
270,0.6932,0.6748,"[ 2.48399327  4.83849445 -0.17536801  1.76254898  0.77353353  0.71732335
  1.02592047  2.31264161  2.35604233  3.24709373  2.77063283  4.44162065]",1.4229
271,0.6931,0.6602,"[ 2.48396725  4.83987565 -0.18095026  1.76249971  0.77270148  0.7173914
  1.02573727  2.31290769  2.35598124  3.24700473  2.77069315  4.44164438]",1.4164
272,0.6933,0.7037,"[ 2.48588074  4.8408081  -0.18690443  1.76433912  0.77245945  0.71561405
  1.02716995  2.31171591  2.35778028  3.2487191   2.76889177  4.4397231 ]",1.4176
273,0.6931,0.6966,"[ 2.48382974  4.8444285  -0.2051114   1.76224569  0.76852873  0.71774549
  1.02481245  2.31423389  2.35566347  3.24655737  2.77100543  4.44176921]",1.3885
274,0.6933,0.7043,"[ 2.48563076  4.8456617  -0.21118757  1.76390046  0.76602357  0.71621086
  1.02575006  2.31367541  2.3572358   3.24799655  2.76942167  4.43995023]",1.3867
275,0.693,0.6881,"[ 2.48166007  4.84974535 -0.21817722  1.75995352  0.7605425   0.72013703
  1.02192466  2.31745573  2.35330708  3.24409079  2.77335323  4.44392377]",1.3595
276,0.6934,0.7101,"[ 2.48166427  4.85054158 -0.24603577  1.75996022  0.74611519  0.72012757
  1.02192763  2.31748999  2.3533181   3.24410244  2.77334313  4.44392007]",1.3274
277,0.6933,0.7104,"[ 2.48169418  4.85017948 -0.27103975  1.76001444  0.74451721  0.72004634
  1.02221039  2.31705481  2.35339363  3.24419963  2.77327362  4.44389364]",1.3071
278,0.6931,0.6955,"[ 2.48565715  4.84763852 -0.28290552  1.76394602  0.74144115  0.71614962
  1.02566014  2.31431313  2.35729919  3.24807792  2.76935778  4.43992625]",1.3109
279,0.693,0.6602,"[ 2.48365117  4.84968282 -0.28703391  1.76193576  0.74289909  0.71816314
  1.02362749  2.31637004  2.35528824  3.24606403  2.77136801  4.44193162]",1.2996
280,0.6932,0.715,"[ 2.48170151  4.85069089 -0.30682638  1.76002686  0.74358598  0.72002497
  1.02222546  2.31762067  2.35341681  3.24422557  2.77325292  4.44388733]",1.2775
281,0.6933,0.7057,"[ 2.48184461  4.85077178 -0.31024836  1.76024991  0.74331006  0.71973874
  1.02240554  2.3184672   2.35370145  3.24453971  2.77299222  4.44375872]",1.2742
282,0.6931,0.7077,"[ 2.48183268  4.85124495 -0.31404315  1.76022772  0.74345569  0.71977237
  1.02208913  2.31972997  2.35367121  3.24450131  2.77301822  4.4437692 ]",1.2698
283,0.6934,0.7115,"[ 2.47989341  4.85211995 -0.33643017  1.75833757  0.74417615  0.72160514
  1.02088813  2.3345574   2.35183153  3.24269615  2.77487937  4.44571598]",1.2349
284,0.6933,0.7158,"[ 2.47991898  4.85160659 -0.36152367  1.75838374  0.74368979  0.72152948
  1.01677052  2.3386476   2.35190014  3.24278     2.77481952  4.44569379]",1.209
285,0.6933,0.6864,"[ 2.4779063   4.85391487 -0.3830582   1.75636056  0.74580703  0.72356623
  1.01755923  2.33659572  2.34986798  3.2407408   2.77684644  4.44770485]",1.1912
286,0.693,0.7017,"[ 2.47791236  4.85389714 -0.39413594  1.75637086  0.74569984  0.72354816
  1.01717317  2.33684444  2.34988364  3.24076016  2.77683127  4.4476997 ]",1.1824
287,0.6933,0.6628,"[ 2.4759412   4.85558865 -0.40408586  1.75442162  0.74737813  0.7254667
  1.01856377  2.33539768  2.34796135  3.2388482   2.77876708  4.4496747 ]",1.1737
288,0.6934,0.6745,"[ 2.4799177   4.85207712 -0.4070512   1.75837873  0.74364639  0.72153573
  1.01510816  2.33892134  2.35189714  3.24277398  2.77481827  4.44569511]",1.1729
289,0.6932,0.7177,"[ 2.47986484  4.85283297 -0.41178823  1.75828451  0.74415009  0.72168545
  1.01591502  2.33815811  2.35175568  3.24261366  2.77493233  4.445741  ]",1.1705
290,0.6931,0.6967,"[ 2.48365815  4.8509492  -0.41402772  1.76192806  0.74179089  0.71823699
  1.01436946  2.33979625  2.35523124  3.24602667  2.77136619  4.44192077]",1.1733
291,0.6932,0.7195,"[ 2.48557864  4.84999858 -0.41515104  1.76378716  0.74055991  0.71646293
  1.01356499  2.34065208  2.35701786  3.24778482  2.76954063  4.43998942]",1.1747
292,0.6933,0.6796,"[ 2.48356624  4.85229575 -0.41907362  1.76176414  0.7427078   0.7185002
  1.01586243  2.33837934  2.35498225  3.24574451  2.77156774  4.44200015]",1.1716
293,0.6933,0.7064,"[ 2.48554527  4.85064875 -0.41876732  1.76372633  0.74091625  0.7165609
  1.01420522  2.34005826  2.35692487  3.24767945  2.76961347  4.44001826]",1.1729
294,0.6931,0.6719,"[ 2.47959408  4.85617542 -0.42465967  1.75781109  0.7464584   0.72242614
  1.01951103  2.33474633  2.35105565  3.24182432  2.775506    4.44597615]",1.1659
295,0.6933,0.7063,"[ 2.47954194  4.856687   -0.42617731  1.75772033  0.7468271   0.72256392
  1.01999915  2.33427447  2.35091747  3.24167576  2.77561438  4.44602162]",1.1655
296,0.6933,0.6797,"[ 2.48156636  4.8545056  -0.42480771  1.75976271  0.74460891  0.72049852
  1.01768662  2.33659611  2.35298661  3.24374765  2.77356125  4.44400037]",1.1664
297,0.6931,0.6879,"[ 2.48350709  4.85325268 -0.4249769   1.76165764  0.74314647  0.71866411
  1.01649861  2.33780546  2.35482335  3.24556888  2.77168956  4.44205171]",1.1679
298,0.6934,0.6789,"[ 2.48148162  4.85559833 -0.42821244  1.75961232  0.74536599  0.72073612
  1.0188085   2.335511    2.35275473  3.24349193  2.77374456  4.4440737 ]",1.1655
299,0.6932,0.6942,"[ 2.48739562  4.85086246 -0.42579167  1.76545881  0.74029837  0.71498564
  1.01434656  2.34000289  2.35851354  3.24922312  2.76793722  4.43814763]",1.1712
300,0.6933,0.6737,"[ 2.48315723  4.85564298 -0.43092095  1.76110121  0.7450017   0.7194628
  1.01901089  2.33534784  2.3540507   3.24472962  2.77235204  4.44235881]",1.1669
301,0.6932,0.6721,"[ 2.48284549  4.85744252 -0.43414652  1.76060982  0.74652369  0.72014704
  1.0210575   2.33332599  2.35335732  3.24400278  2.77292898  4.44263453]",1.1674
302,0.693,0.6604,"[ 2.48284406  4.85749487 -0.43460063  1.76060687  0.74650899  0.7201505
  1.02102597  2.33336967  2.35335408  3.24399918  2.77293053  4.44263586]",1.167
303,0.6934,0.7074,"[ 2.48486272  4.85526806 -0.43244382  1.76263981  0.74427417  0.71809651
  1.01862267  2.33578134  2.35541012  3.24605877  2.77088687  4.44061988]",1.1684
304,0.6931,0.6915,"[ 2.48091873  4.85880575 -0.43607376  1.75873583  0.74781516  0.72194668
  1.02198743  2.33242647  2.35156035  3.24222044  2.77476496  4.4445716 ]",1.1638
305,0.693,0.6683,"[ 2.48293598  4.8568011  -0.43476193  1.76076407  0.74572786  0.71990429
  1.01995242  2.33447369  2.35360326  3.24426577  2.77272851  4.44255669]",1.1651
306,0.6932,0.6977,"[ 2.48688315  4.85350874 -0.43264312  1.76466997  0.74224133  0.71605252
  1.01678363  2.33765531  2.35745134  3.24810389  2.76884415  4.43860236]",1.1691
307,0.6933,0.669,"[ 2.48684691  4.85389081 -0.43349623  1.76460634  0.74251402  0.71615104
  1.0171334   2.33731625  2.35735212  3.24799732  2.76892158  4.4386337 ]",1.1689
308,0.693,0.6735,"[ 2.47885276  4.8618267  -0.44159533  1.75661659  0.75041174  0.72413355
  1.02494183  2.32952182  2.34937184  3.24001718  2.7769067   4.44662872]",1.1606
309,0.6932,0.7037,"[ 2.48285293  4.85789118 -0.43815779  1.76061608  0.74640201  0.72013318
  1.02095544  2.33351926  2.35337086  3.24401715  2.77290495  4.4426287 ]",1.164
310,0.6931,0.7109,"[ 2.48284449  4.8580578  -0.43888819  1.76060042  0.74647745  0.72015722
  1.02109406  2.33339249  2.35334591  3.24399077  2.77292251  4.44263606]",1.1636
311,0.693,0.7099,"[ 2.48095512  4.85915579 -0.4396416   1.75878834  0.74765488  0.72187228
  1.02192705  2.33257732  2.35163967  3.24229914  2.77468996  4.44454007]",1.1608
312,0.6933,0.7126,"[ 2.48093105  4.85953327 -0.44084106  1.75874497  0.747899    0.72194158
  1.02232924  2.33218508  2.35157043  3.24222395  2.7747429   4.44456082]",1.1605
313,0.6933,0.6804,"[ 2.48086487  4.86016437 -0.44213352  1.75862965  0.74838344  0.72211609
  1.02299101  2.33153022  2.3513857   3.24203345  2.77488196  4.44461838]",1.1605
314,0.6932,0.7172,"[ 2.47886023  4.86219389 -0.44434149  1.75662148  0.75036648  0.72412642
  1.02492375  2.32961221  2.34937485  3.24002255  2.77688943  4.44662255]",1.1584
315,0.693,0.7106,"[ 2.48091679  4.85984454 -0.44224961  1.75871672  0.74799746  0.72198448
  1.02246525  2.33208396  2.35152455  3.24217659  2.77477192  4.44457334]",1.1596
316,0.6931,0.6932,"[ 2.48056737  4.86036734 -0.44267174  1.75824647  0.74852565  0.72253687
  1.02282601  2.3317431   2.35096635  3.24161136  2.77528271  4.44489254]",1.1593
317,0.6932,0.6908,"[ 2.4786026   4.86189229 -0.44384628  1.75630934  0.75010798  0.72443496
  1.02413392  2.33045912  2.34907454  3.239724    2.77720179  4.44686228]",1.157
318,0.693,0.6869,"[ 2.48061844  4.85972937 -0.44189027  1.75833705  0.74792606  0.72238979
  1.02185778  2.33275164  2.35112206  3.2417737   2.77516507  4.44484871]",1.1584
319,0.6933,0.6624,"[ 2.48459354  4.85611849 -0.43918053  1.7622921   0.74417588  0.71846122
  1.01826697  2.33634741  2.35504911  3.24569587  2.77121959  4.44087021]",1.1619
320,0.6931,0.7114,"[ 2.48456094  4.85632105 -0.43966404  1.76223682  0.7443131   0.71854058
  1.01839221  2.33623539  2.35496538  3.24561038  2.77128358  4.44089879]",1.1616
321,0.6932,0.6975,"[ 2.48264175  4.85755689 -0.44062994  1.76037654  0.74562623  0.72032273
  1.01941268  2.33524224  2.35318948  3.24384644  2.77310846  4.44282899]",1.1589
322,0.6932,0.6894,"[ 2.47873878  4.86056289 -0.44304567  1.75654522  0.74876788  0.72405766
  1.02217007  2.33252153  2.34946026  3.24013324  2.77689724  4.44674523]",1.1545
323,0.6932,0.6864,"[ 2.4847259   4.85490155 -0.43850783  1.76252009  0.74295405  0.71809785
  1.01652872  2.33816056  2.35541445  3.24608762  2.77092595  4.4407565 ]",1.1596
324,0.6929,0.6747,"[ 2.48019842  4.85960922 -0.44332801  1.75787064  0.74764727  0.72281948
  1.02112499  2.33358478  2.35069134  3.24135717  2.77561191  4.44524897]",1.1552
325,0.6933,0.7205,"[ 2.4841342   4.85631107 -0.44103895  1.76175805  0.74416736  0.71899467
  1.01785778  2.33684736  2.35451236  3.24516808  2.7717491   4.44130456]",1.1589
326,0.6931,0.6871,"[ 2.48020478  4.85947988 -0.44368104  1.75788233  0.74745464  0.72279401
  1.020807    2.33393677  2.3507153   3.24138516  2.77559085  4.44524394]",1.1544
327,0.6929,0.7128,"[ 2.47823161  4.86116042 -0.44538827  1.75592976  0.74915664  0.72471689
  1.02235702  2.33241384  2.34879565  3.23946941  2.77752968  4.44722089]",1.1521
328,0.6931,0.7318,"[ 2.48216971  4.85795189 -0.4434947   1.75981961  0.74572731  0.72089117
  1.01920001  2.3355578   2.3526165   3.24328043  2.77366452  4.44327439]",1.1555
329,0.6933,0.6689,"[ 2.48616548  4.85419088 -0.44075234  1.76381012  0.74183909  0.71690933
  1.01542642  2.3393301   2.35659961  3.2472606   2.76967574  4.43927793]",1.1588
330,0.6933,0.664,"[ 2.48237153  4.85722984 -0.44426157  1.76014169  0.74487658  0.72042485
  1.01837035  2.33640576  2.35307148  3.24376697  2.77327117  4.44309889]",1.1537
331,0.6931,0.6861,"[ 2.48428465  4.85590886 -0.44378332  1.76199483  0.74340574  0.71864596
  1.0170356   2.3377382   2.35484954  3.24553189  2.77144846  4.44117435]",1.1555
332,0.6933,0.7075,"[ 2.4844948   4.85497012 -0.44315938  1.76232548  0.74247899  0.71817199
  1.01599751  2.33879993  2.35530906  3.2460247   2.77104858  4.44099094]",1.1545
333,0.6931,0.6866,"[ 2.48440386  4.85596508 -0.44549064  1.76216721  0.74323627  0.71842485
  1.01702428  2.33775051  2.35506348  3.24575636  2.77124603  4.44106906]",1.1543
334,0.6931,0.6778,"[ 2.4809476   4.85884653 -0.44859488  1.75886321  0.7461179   0.72160747
  1.01980871  2.33499194  2.35188123  3.24259097  2.77448849  4.44456686]",1.1499
335,0.693,0.6695,"[ 2.48292561  4.85714334 -0.44766408  1.76082395  0.74429943  0.71966878
  1.01807303  2.33672723  2.35381824  3.24452482  2.77253511  4.4425859 ]",1.1514
336,0.693,0.6867,"[ 2.4827153   4.85886475 -0.45072831  1.76046698  0.74571692  0.72021689
  1.01986412  2.33489492  2.35326982  3.24394194  2.77297449  4.44276762]",1.1518
337,0.6932,0.6992,"[ 2.48073087  4.86075449 -0.45292511  1.75849348  0.74757119  0.72217377
  1.02168255  2.33309362  2.35131352  3.24198835  2.77493892  4.44475436]",1.1494
338,0.6933,0.6755,"[ 2.48276422  4.85877488 -0.45180015  1.76054625  0.74548677  0.72009975
  1.01968327  2.33508654  2.35338948  3.24406619  2.77287441  4.44272526]",1.1507
339,0.6925,0.7306,"[ 2.48657107  4.85575533 -0.44947831  1.76423945  0.74231749  0.71652955
  1.01666492  2.33809497  2.3569473   3.24761207  2.76923559  4.43889494]",1.1548
340,0.6931,0.6924,"[ 2.48247558  4.86030689 -0.4544122   1.76008338  0.74677663  0.72076103
  1.02117084  2.33359624  2.35272294  3.24337028  2.77342582  4.44297757]",1.1508
341,0.693,0.73,"[ 2.48255031  4.85975754 -0.4538663   1.7602099   0.74625402  0.72056793
  1.02051278  2.33428725  2.35292482  3.24357826  2.77326812  4.44291298]",1.1502
342,0.6932,0.6939,"[ 2.48645212  4.85699025 -0.45259646  1.76403574  0.74319515  0.71684793
  1.01785666  2.336885    2.35663595  3.24727495  2.76948654  4.43899722]",1.1542
343,0.6932,0.6755,"[ 2.48019489  4.86339126 -0.45887865  1.75767666  0.74960064  0.7232832
  1.02414714  2.33062897  2.35019499  3.24082878  2.77588397  4.44522885]",1.1482
344,0.6932,0.7025,"[ 2.48416094  4.85980197 -0.45592114  1.76161632  0.745887    0.71937691
  1.02056106  2.33420643  2.35409401  3.24472633  2.77195699  4.44125821]",1.1519
345,0.6932,0.6651,"[ 2.48082008  4.86122028 -0.45734986  1.75862597  0.74741263  0.72199247
  1.02186204  2.33294758  2.35150591  3.24217875  2.7747657   4.44467727]",1.1463
346,0.6929,0.6762,"[ 2.48478551  4.85771327 -0.45476146  1.7625641   0.74375016  0.71809224
  1.01835743  2.33643064  2.35540362  3.24607098  2.77084216  4.44070693]",1.1499
347,0.6933,0.704,"[ 2.4807808   4.86166006 -0.45874349  1.75855704  0.747679    0.7220976
  1.02222538  2.33259114  2.35139689  3.24206575  2.77484685  4.44471133]",1.1458
348,0.6932,0.6764,"[ 2.48076109  4.86193959 -0.45963083  1.75852153  0.74785144  0.72215316
  1.02248248  2.33232897  2.35133752  3.2420052   2.7748891   4.44472838]",1.1455
349,0.6933,0.7011,"[ 2.48466195  4.85865892 -0.4570113   1.76235516  0.74442916  0.7184011
  1.01919704  2.33560072  2.35508035  3.24574036  2.77109024  4.44081441]",1.1493
350,0.6933,0.6791,"[ 2.48265147  4.86078194 -0.45943185  1.76033639  0.74648634  0.72042885
  1.02127266  2.33353558  2.35305019  3.2437102   2.77311113  4.44282357]",1.1472
351,0.693,0.6888,"[ 2.47688866  4.86539454 -0.4633437   1.7547172   0.75125295  0.72588762
  1.02572525  2.32916315  2.34762602  3.23828867  2.77865745  4.44861534]",1.141
352,0.693,0.7136,"[ 2.47888854  4.86344678 -0.46179093  1.75671638  0.74924649  0.72388858
  1.02372939  2.33116881  2.34962649  3.24028805  2.77665673  4.4466155 ]",1.1424
353,0.6932,0.6998,"[ 2.48232669  4.86000877 -0.45856705  1.76008265  0.74578674  0.72053926
  1.02022631  2.33469253  2.35297304  3.24363717  2.77330073  4.44315186]",1.1453
354,0.6931,0.7289,"[ 2.47828174  4.8640388  -0.46268656  1.75601616  0.74980238  0.72462023
  1.02418473  2.33076131  2.34888999  3.23955423  2.77737279  4.44719199]",1.1415
355,0.6932,0.7242,"[ 2.48242422  4.8593986  -0.4585335   1.76024702  0.74514888  0.7202895
  1.01948471  2.33547653  2.35323744  3.24390585  2.7730959   4.44306746]",1.1442
356,0.6933,0.6775,"[ 2.48635097  4.85637206 -0.45697619  1.76411683  0.74186104  0.71650111
  1.01648175  2.33841473  2.35702128  3.24767821  2.76925916  4.43913018]",1.1479
357,0.6932,0.6986,"[ 2.48435254  4.85834977 -0.45913428  1.76211935  0.74380147  0.71849438
  1.0183987   2.33651925  2.35502676  3.24568527  2.771253    4.44112902]",1.1456
358,0.6931,0.6853,"[ 2.48041099  4.86186447 -0.46274828  1.75822013  0.74734488  0.72233637
  1.02183205  2.33312373  2.35119402  3.24185593  2.77512597  4.44507874]",1.1412
359,0.6931,0.7166,"[ 2.4746846   4.86597862 -0.46598608  1.75267675  0.75171203  0.72766335
  1.02581717  2.32924855  2.34591798  3.23657927  2.78057702  4.45084005]",1.1351
360,0.6931,0.7263,"[ 2.48424905  4.85829172 -0.45995525  1.76200381  0.74365489  0.71859904
  1.01815313  2.33681696  2.35495426  3.24559489  2.77136457  4.44122501]",1.1443
361,0.6932,0.6733,"[ 2.48404396  4.85910669 -0.46110041  1.76168684  0.7443747   0.71903381
  1.01892596  2.33604691  2.3545119   3.24514094  2.77173518  4.4414054 ]",1.1444
362,0.6931,0.6883,"[ 2.48596329  4.85748699 -0.45992222  1.76356164  0.74266546  0.71720317
  1.01726851  2.33770365  2.35633462  3.24696274  2.76987871  4.43947666]",1.1462
363,0.6932,0.6992,"[ 2.48396378  4.85959657 -0.46256874  1.76156088  0.74469128  0.71920451
  1.01934127  2.33562829  2.35433091  3.24496034  2.77187747  4.44147634]",1.1439
364,0.6933,0.6775,"[ 2.47803523  4.86506416 -0.46795697  1.75568218  0.75019771  0.72502043
  1.02472834  2.33028535  2.34853054  3.23915945  2.77772768  4.44741445]",1.1379
365,0.6932,0.6746,"[ 2.48199747  4.86146033 -0.46489855  1.75961559  0.74647611  0.72112239
  1.02109949  2.3339029   2.35241819  3.24304837  2.77380717  4.4434472 ]",1.1413
366,0.6933,0.7193,"[ 2.48003306  4.86308123 -0.46638034  1.75767785  0.74813413  0.72302187
  1.02264481  2.3324047   2.35052599  3.24115768  2.77572704  4.44541674]",1.1391
367,0.6933,0.7125,"[ 2.48007324  4.86266431 -0.46586181  1.75774811  0.74776045  0.72290881
  1.02215592  2.33294052  2.35064685  3.24128044  2.77563706  4.44538232]",1.1387
368,0.6931,0.6995,"[ 2.48209321  4.86046219 -0.46375736  1.75978295  0.7455586   0.72085195
  1.01989204  2.33523648  2.35270809  3.24334237  2.77359137  4.44336526]",1.1402
369,0.6933,0.7085,"[ 2.4781982   4.86343695 -0.46607059  1.75596446  0.7486933   0.72456386
  1.02278295  2.33243625  2.34900692  3.23965135  2.77736283  4.44727511]",1.1361
370,0.6932,0.6886,"[ 2.47621493  4.86527074 -0.46802956  1.75399354  0.75052219  0.72651603
  1.02456382  2.33068479  2.34705793  3.23770327  2.77932436  4.44926085]",1.1341
371,0.6931,0.696,"[ 2.48402566  4.85796135 -0.46093345  1.76170068  0.74314397  0.71891103
  1.01720641  2.3380539   2.35464734  3.24528978  2.77166036  4.44142853]",1.1414
372,0.693,0.7193,"[ 2.48200547  4.86021396 -0.4637111   1.75966514  0.74530276  0.72096853
  1.0194122   2.33584518  2.35259272  3.24322958  2.77370384  4.4434458 ]",1.1392
373,0.6932,0.6898,"[ 2.47934459  4.86288263 -0.46633352  1.75691527  0.7479877   0.72375636
  1.02202207  2.33327439  2.34980413  3.24043947  2.77647449  4.44607627]",1.1368
374,0.6933,0.7151,"[ 2.47936478  4.86264209 -0.46605583  1.75695082  0.74776531  0.72369733
  1.02172346  2.333613    2.34986705  3.24050361  2.77642771  4.44605906]",1.1365
375,0.6932,0.6965,"[ 2.48334105  4.85899337 -0.46323511  1.76090803  0.74398555  0.71976604
  1.0180354   2.33728133  2.35379525  3.24442961  2.77247936  4.44207948]",1.1398
376,0.6933,0.6822,"[ 2.48523707  4.8581433  -0.4637101   1.76272563  0.74285782  0.71805779
  1.01716667  2.33807406  2.35549395  3.24611716  2.77070639  4.4401687 ]",1.1416
377,0.6932,0.6871,"[ 2.48718138  4.85686127 -0.46350253  1.76462694  0.74137542  0.71621865
  1.01586146  2.33932788  2.35733004  3.24794505  2.76883021  4.43821627]",1.1434
378,0.6932,0.7038,"[ 2.48323825  4.86038433 -0.46689935  1.76072299  0.74493919  0.72006729
  1.01932055  2.33591868  2.35348484  3.24410622  2.77270763  4.44216756]",1.139
379,0.6932,0.7047,"[ 2.48327368  4.86008637 -0.46670634  1.76078369  0.74464715  0.7199697
  1.01896738  2.33630662  2.35358517  3.24421043  2.77262911  4.4421373 ]",1.1386
380,0.6933,0.7044,"[ 2.48324108  4.86037223 -0.46735721  1.760727    0.74484601  0.72005499
  1.01921369  2.33606047  2.35349214  3.24411839  2.77269593  4.44216563]",1.1384
381,0.6931,0.7178,"[ 2.48445294  4.85948943 -0.46700105  1.76185497  0.74387117  0.71897822
  1.01829089  2.33697684  2.35456332  3.24518797  2.77159256  4.44092586]",1.1395
382,0.6929,0.7125,"[ 2.48307048  4.85989474 -0.46729498  1.76067824  0.74434555  0.71996901
  1.0186383   2.33668443  2.35359471  3.24422751  2.77267971  4.44236073]",1.137
383,0.6932,0.6735,"[ 2.47892871  4.86417167 -0.47140939  1.75646604  0.74863109  0.72424499
  1.02286125  2.33250378  2.34931476  3.2399432   2.77692113  4.44648623]",1.1335
384,0.6933,0.6733,"[ 2.48484858  4.85914997 -0.46776502  1.76232442  0.74335093  0.71847419
  1.01781008  2.33747649  2.35507705  3.24569747  2.77109821  4.44055481]",1.1388
385,0.6931,0.6712,"[ 2.48493907  4.85902257 -0.46841565  1.76246372  0.74311839  0.71828377
  1.01764258  2.3376231   2.35527113  3.24589513  2.77093211  4.44047571]",1.1381
386,0.6931,0.6557,"[ 2.4809383   4.86305396 -0.47271304  1.75846202  0.74710224  0.72228539
  1.02162685  2.33365295  2.35127046  3.24189379  2.77493216  4.44447645]",1.1341
387,0.6933,0.6682,"[ 2.48089798  4.86316703 -0.47287814  1.75839726  0.74719229  0.72237374
  1.0216938   2.3336121   2.35117776  3.24180132  2.7750056   4.44451188]",1.134
388,0.6932,0.6814,"[ 2.47892188  4.8649026  -0.47453813  1.75643919  0.74894978  0.72430501
  1.02337932  2.33196978  2.34925274  3.23987614  2.77695087  4.44649149]",1.132
389,0.6932,0.6803,"[ 2.47307801  4.86943879 -0.47805513  1.75071134  0.7537518   0.72988524
  1.02784935  2.32763493  2.34372525  3.23433343  2.78261836  4.45235627]",1.1266
390,0.6932,0.7106,"[ 2.48304929  4.85974925 -0.46894767  1.76066118  0.74396181  0.71996485
  1.01811223  2.33736138  2.35364575  3.24424947  2.77267943  4.44238093]",1.1347
391,0.6933,0.7058,"[ 2.4868714   4.85696967 -0.46685435  1.76436386  0.74098612  0.71642119
  1.01527935  2.34015106  2.35719002  3.24777118  2.76904612  4.43853395]",1.1389
392,0.6932,0.6896,"[ 2.4867391   4.85823032 -0.46935641  1.76413658  0.74197703  0.71678305
  1.01649796  2.33884616  2.35682523  3.24738846  2.76933137  4.4386471 ]",1.1389
393,0.6929,0.7079,"[ 2.47894259  4.86504217 -0.47550341  1.75645516  0.74894355  0.72433076
  1.02325455  2.33219127  2.34929997  3.23986625  2.77695137  4.4464683 ]",1.131
394,0.6931,0.6929,"[ 2.48300292  4.86094588 -0.4720909   1.76054962  0.74475865  0.72019693
  1.0191181   2.33631489  2.35343429  3.24400503  2.77283612  4.44241593]",1.1339
395,0.6933,0.6723,"[ 2.48301188  4.86090316 -0.47233945  1.76056458  0.74467851  0.72017256
  1.01902959  2.33641965  2.35346073  3.2440314   2.77281544  4.44240832]",1.1336
396,0.6932,0.698,"[ 2.48087581  4.86364616 -0.47558703  1.75834403  0.74729698  0.72249137
  1.02172783  2.33370402  2.35112922  3.2416957   2.77507831  4.44452678]",1.1318
397,0.6926,0.715,"[ 2.48089503  4.8634401  -0.47538063  1.75837763  0.74710042  0.72243596
  1.02147804  2.33399159  2.35118985  3.24175599  2.77503398  4.44451041]",1.1316
398,0.693,0.7287,"[ 2.4788889   4.8649259  -0.47617657  1.75638036  0.74872062  0.72440061
  1.02292348  2.33264098  2.34922694  3.2397983   2.7770164   4.44651776]",1.1297
399,0.693,0.7158,"[ 2.48680063  4.85776383 -0.46990402  1.76422714  0.74135977  0.71663945
  1.01571662  2.33979552  2.35697214  3.24754217  2.76920387  4.43859383]",1.1372
400,0.6932,0.6984,"[ 2.48085014  4.86351055 -0.47593482  1.75830886  0.74708126  0.72251476
  1.0214209   2.33411002  2.35110003  3.24167365  2.77510094  4.44455128]",1.1309
401,0.6929,0.6618,"[ 2.47884533  4.86553158 -0.47797074  1.75629955  0.74907409  0.72452816
  1.02339972  2.33215501  2.34908531  3.23965945  2.77711004  4.44655548]",1.1291
402,0.6932,0.678,"[ 2.47682616  4.86774102 -0.48057148  1.7542655   0.75120253  0.72657985
  1.02556922  2.32998256  2.34702773  3.2376035   2.77914948  4.44857214]",1.1273
403,0.6932,0.684,"[ 2.47889329  4.86529469 -0.47810497  1.75637741  0.74878336  0.7244093
  1.02308656  2.33250756  2.34920723  3.23978488  2.77701023  4.44651425]",1.1285
404,0.6931,0.6947,"[ 2.48469291  4.86062855 -0.47439638  1.76204701  0.74388308  0.71890156
  1.01837077  2.33715312  2.35469576  3.24526495  2.77141037  4.44068792]",1.1342
405,0.6931,0.7104,"[ 2.48469743  4.86057446 -0.47446242  1.76205483  0.74380575  0.71888679
  1.01827413  2.33727341  2.35471186  3.2452812   2.77139787  4.44068421]",1.1339
406,0.6933,0.7082,"[ 2.48468474  4.86075184 -0.47507251  1.76203198  0.74390304  0.7189227
  1.01840791  2.33713576  2.35467397  3.24524271  2.77142458  4.44069515]",1.1337
407,0.6931,0.6904,"[ 2.48272798  4.86232412 -0.47649205  1.76010694  0.74552217  0.72080075
  1.01994076  2.33565922  2.35280248  3.24337346  2.77332762  4.4426583 ]",1.1314
408,0.6931,0.6942,"[ 2.47882857  4.86526891 -0.47862811  1.75628311  0.74866094  0.72451923
  1.0228549   2.33286417  2.34910933  3.23967777  2.77710617  4.44657202]",1.1275
409,0.6933,0.6794,"[ 2.47873845  4.86555419 -0.47920898  1.7561463   0.74889681  0.72470092
  1.0230977   2.3326328   2.34892406  3.23949019  2.7772624   4.4466515 ]",1.1274
410,0.693,0.6663,"[ 2.48261863  4.86259375 -0.47713093  1.75994026  0.74571482  0.72102162
  1.02008159  2.33558586  2.3525854   3.24314818  2.77351571  4.44275459]",1.131
411,0.693,0.7048,"[ 2.48262065  4.86264598 -0.47756556  1.75994283  0.74570833  0.72101788
  1.020091    2.33558006  2.35259065  3.24315245  2.77351084  4.4427529 ]",1.1307
412,0.6933,0.6683,"[ 2.48656368  4.85926587 -0.47496278  1.76384306  0.74216349  0.71717779
  1.01666064  2.33896542  2.35642386  3.24698186  2.76963493  4.43880164]",1.1344
413,0.693,0.7191,"[ 2.48063832  4.86493391 -0.4808592   1.75796469  0.74781447  0.72300175
  1.02228525  2.33336022  2.35061622  3.24116967  2.77548753  4.44473675]",1.1282
414,0.6931,0.7286,"[ 2.48654125  4.86002282 -0.47723238  1.76379411  0.74263325  0.71727587
  1.01732165  2.33822351  2.35632405  3.2468753   2.7697009   4.43881979]",1.1338
415,0.6932,0.7055,"[ 2.48645727  4.86079409 -0.47869619  1.76364954  0.74323402  0.71750393
  1.01804807  2.33744615  2.35608604  3.24663264  2.76988103  4.43889167]",1.1338
416,0.6932,0.692,"[ 2.47453706  4.8719518  -0.48921145  1.75178923  0.7545339   0.72927968
  1.02916587  2.32643373  2.34433381  3.23487587  2.78170347  4.45082343]",1.123
417,0.6932,0.6889,"[ 2.48049992  4.86622762 -0.48374547  1.75772487  0.74873181  0.72337297
  1.02340987  2.33218934  2.3502221   3.24077368  2.77577753  4.44485596]",1.1278
418,0.6931,0.6841,"[ 2.48593072  4.8625345  -0.48064402  1.76285167  0.74481707  0.71856921
  1.01968298  2.33585455  2.35495735  3.24551799  2.77080017  4.43935728]",1.1343
419,0.6933,0.6725,"[ 2.4819243   4.86630962 -0.48419349  1.75884644  0.74862915  0.7225614
  1.02341297  2.33218215  2.35096542  3.24152853  2.77479826  4.44336373]",1.1303
420,0.6933,0.6813,"[ 2.47794854  4.87016623 -0.48820518  1.75488723  0.75246468  0.72649834
  1.02722828  2.32838629  2.34703612  3.23759683  2.77874583  4.44734295]",1.1266
421,0.6932,0.7245,"[ 2.48079132  4.86653843 -0.48408324  1.75786114  0.74895621  0.72341764
  1.02354751  2.3321548   2.35016328  3.24070367  2.77572276  4.44453485]",1.1284
422,0.6931,0.6749,"[ 2.48468342  4.8634361  -0.48173104  1.76167628  0.74566432  0.71969937
  1.02041181  2.33523285  2.35385205  3.24440001  2.77194798  4.44062803]",1.1321
423,0.6932,0.6727,"[ 2.48274323  4.86494743 -0.48316102  1.75977883  0.74721841  0.72153825
  1.0218802   2.33381686  2.35202861  3.24257381  2.77381786  4.4425768 ]",1.1298
424,0.6933,0.6815,"[ 2.47872532  4.86867463 -0.48631022  1.75575557  0.75103094  0.72555279
  1.02556978  2.33020869  2.34801232  3.23856127  2.77783559  4.44659365]",1.1264
425,0.6932,0.7206,"[ 2.47873308  4.86860461 -0.48636117  1.75576876  0.75093957  0.72552957
  1.02546337  2.33033698  2.34803679  3.23858637  2.77781619  4.44658719]",1.1262
426,0.6933,0.715,"[ 2.48477456  4.86237604 -0.4804011   1.76183822  0.74469289  0.7194237
  1.01919668  2.33662118  2.35415265  3.2446999   2.7717289   4.4405515 ]",1.1311
427,0.6925,0.6669,"[ 2.48284134  4.86409647 -0.48243727  1.75994652  0.74638165  0.72126411
  1.02087555  2.33495546  2.35232031  3.24286822  2.77359514  4.44249382]",1.1287
428,0.6932,0.6817,"[ 2.48095903  4.86557032 -0.48415166  1.75813506  0.74785289  0.72299187
  1.02231168  2.33354282  2.35060919  3.24115558  2.77536641  4.44439152]",1.1263
429,0.6932,0.6798,"[ 2.48294535  4.86368159 -0.48249096  1.76011157  0.7459129   0.72102662
  1.02038225  2.33548078  2.35257331  3.24311907  2.77339314  4.44240341]",1.1279
430,0.6933,0.7122,"[ 2.48300445  4.86359328 -0.48299796  1.76020391  0.7457373   0.72089583
  1.02025121  2.33559543  2.35270561  3.2432546   2.77328006  4.44235221]",1.1274
431,0.6933,0.7168,"[ 2.47893676  4.8677663  -0.48700631  1.75609542  0.7499014   0.72504075
  1.02439768  2.331487    2.34854103  3.23910036  2.77740218  4.446412  ]",1.124
432,0.693,0.6636,"[ 2.48292609  4.86390568 -0.48349445  1.7600762   0.74597432  0.72107025
  1.0204974   2.33538595  2.35250899  3.24306872  2.773424    4.44242125]",1.1273
433,0.693,0.7203,"[ 2.47694525  4.86962825 -0.48897506  1.75411108  0.75174062  0.72701174
  1.02619007  2.32974809  2.34657927  3.23713395  2.77937821  4.44840492]",1.122
434,0.6931,0.7253,"[ 2.47898294  4.86733676 -0.486744    1.75617529  0.74946248  0.72491037
  1.02386988  2.33210419  2.34868914  3.2392427   2.77729628  4.44637265]",1.1233
435,0.6932,0.6746,"[ 2.4789295   4.86777317 -0.48768364  1.75608392  0.74978543  0.72504891
  1.02425996  2.33169259  2.34853817  3.23909466  2.77740593  4.44641887]",1.1232
436,0.6931,0.6807,"[ 2.4790359   4.86705485 -0.48679696  1.7562622   0.74914501  0.72478054
  1.0235195   2.3324977   2.34883366  3.2393821   2.77718763  4.44632678]",1.1227
437,0.6931,0.6978,"[ 2.48508144  4.86131777 -0.48205102  1.76232376  0.74323453  0.71871378
  1.01771849  2.33824056  2.35489876  3.24544782  2.77111961  4.44028607]",1.1276
438,0.6933,0.6835,"[ 2.47909915  4.86711065 -0.48775121  1.75635481  0.74904498  0.7246614
  1.02348535  2.33251637  2.34895617  3.23950453  2.77707796  4.44627109]",1.122
439,0.6932,0.7137,"[ 2.48114322  4.86461728 -0.48489098  1.75843233  0.74663751  0.72253513
  1.02098005  2.33509498  2.35109646  3.24164132  2.77497877  4.44423345]",1.1235
440,0.6931,0.6944,"[ 2.47720981  4.86797691 -0.48782963  1.75454718  0.75009944  0.72635049
  1.02433811  2.33181809  2.34729253  3.23783835  2.77883278  4.44817654]",1.1199
441,0.6932,0.6788,"[ 2.48518351  4.86027496 -0.48069445  1.7625005   0.74229156  0.71842294
  1.01658541  2.33955254  2.35521168  3.24576024  2.77088799  4.44019929]",1.1267
442,0.6933,0.6703,"[ 2.47921935  4.86569781 -0.4855572   1.75656608  0.7478353   0.72430559
  1.02201861  2.33421258  2.34933326  3.23988586  2.77679902  4.44616933]",1.1211
443,0.6932,0.6905,"[ 2.48108021  4.86481583 -0.48548198  1.7583272   0.7467183   0.7226713
  1.02105974  2.33510019  2.35093172  3.24149442  2.77508807  4.4442896 ]",1.123
444,0.6932,0.6929,"[ 2.48474034  4.86138819 -0.48241702  1.76189022  0.74323776  0.71916511
  1.01759416  2.33857124  2.35442219  3.24499202  2.77155206  4.44060215]",1.1264
445,0.693,0.6609,"[ 2.480723    4.86544004 -0.48646897  1.75786145  0.74726727  0.72320457
  1.02161562  2.33457499  2.35037921  3.24095047  2.77558373  4.44461736]",1.1226
446,0.6932,0.6815,"[ 2.4788042   4.86667496 -0.48729008  1.75600204  0.74862682  0.72497938
  1.02285368  2.33342619  2.34862177  3.23919138  2.77740602  4.4465479 ]",1.1206
447,0.6931,0.6977,"[ 2.48680637  4.85873125 -0.47981349  1.76400477  0.74062247  0.71697522
  1.01486547  2.34141474  2.35662663  3.24719585  2.76940083  4.43854609]",1.1276
448,0.6932,0.6987,"[ 2.48267226  4.86338127 -0.48474736  1.7597893   0.74517518  0.72128374
  1.01946307  2.33680794  2.35230306  3.24287281  2.77365556  4.44266305]",1.1238
449,0.6933,0.6741,"[ 2.48252668  4.86414097 -0.4862488   1.7595698   0.74577263  0.72158667
  1.02015473  2.3360684   2.35198962  3.24255753  2.77391054  4.44279176]",1.1237
450,0.6928,0.7157,"[ 2.48051311  4.8663323  -0.4888496   1.75754551  0.74788403  0.72362658
  1.02229702  2.3339172   2.3499505   3.2405158   2.77593997  4.44480332]",1.1217
451,0.6931,0.6862,"[ 2.48253455  4.86427387 -0.48711636  1.75957994  0.7457802   0.72157495
  1.02020108  2.33602049  2.35200455  3.2425701   2.77389591  4.44278489]",1.1231
452,0.6932,0.6811,"[ 2.48055556  4.86609962 -0.48900278  1.75761573  0.74760423  0.72351659
  1.02199979  2.3342528   2.35006709  3.24063249  2.7758486   4.44476704]",1.1211
453,0.6933,0.7138,"[ 2.48459437  4.86176904 -0.48464542  1.76168246  0.7433058   0.71941083
  1.01764896  2.33864904  2.35418451  3.24474637  2.77176397  4.44073379]",1.1244
454,0.6933,0.7033,"[ 2.47877037  4.86657758 -0.4889248   1.75597397  0.74827917  0.72496874
  1.02248142  2.33392432  2.34865225  3.2392132   2.77740564  4.44658192]",1.1185
455,0.6931,0.7048,"[ 2.4827329   4.86290799 -0.48573708  1.75990947  0.74451182  0.7210687
  1.0187565   2.33763495  2.35254717  3.24310761  2.77348335  4.44261418]",1.1218
456,0.6933,0.7016,"[ 2.4886913   4.85744018 -0.481195    1.76583587  0.73887488  0.71519012
  1.01320391  2.34313438  2.35842247  3.24897937  2.76757535  4.43664961]",1.1273
457,0.6931,0.6906,"[ 2.48280248  4.86249292 -0.48576035  1.76002498  0.74407264  0.72088665
  1.01828751  2.33815445  2.35273379  3.24329842  2.77333494  4.44255481]",1.1211
458,0.6931,0.6713,"[ 2.47908409  4.8656474  -0.48948679  1.75644766  0.7472009   0.72431487
  1.02140478  2.33504775  2.34932212  3.23988923  2.77684159  4.44630678]",1.1166
459,0.6931,0.6978,"[ 2.48111901  4.86327673 -0.48697547  1.75850857  0.74488669  0.72221409
  1.0190367   2.33747396  2.35142968  3.24199668  2.77476284  4.44427707]",1.1181
460,0.6927,0.7141,"[ 2.47717023  4.86670173 -0.48990693  1.75459854  0.74842829  0.72606639
  1.02248843  2.33410761  2.34758978  3.23815472  2.77864838  4.44823334]",1.1147
461,0.6931,0.6643,"[ 2.47930338  4.86377764 -0.48679196  1.75682137  0.74562957  0.72372367
  1.01959695  2.33708269  2.34994965  3.24051538  2.77637435  4.44611858]",1.1157
462,0.6932,0.7024,"[ 2.48329664  4.85998396 -0.48385288  1.76080769  0.74172448  0.71974737
  1.01573082  2.34092742  2.35392385  3.24448978  2.77238967  4.4421244 ]",1.1187
463,0.6933,0.6777,"[ 2.47930911  4.86385296 -0.48780635  1.75682917  0.74559291  0.72371036
  1.01958344  2.33710694  2.34996247  3.24052909  2.77636017  4.4461139 ]",1.1149
464,0.6932,0.7147,"[ 2.48149074  4.8608603  -0.48467953  1.75912205  0.74271414  0.72128024
  1.01662399  2.34014489  2.35241089  3.24297824  2.77400855  4.44395593]",1.1161
465,0.6929,0.6744,"[ 2.48149848  4.86071669 -0.48460398  1.7591363   0.74258273  0.72125241
  1.01647245  2.34033473  2.35243949  3.24300795  2.77398731  4.44394957]",1.1159
466,0.6932,0.7084,"[ 2.47948319  4.86290657 -0.48734134  1.75710923  0.74468872  0.72329593
  1.01860164  2.33819922  2.35039631  3.24096278  2.77601927  4.44596269]",1.1138
467,0.6931,0.7036,"[ 2.4794904   4.86283183 -0.48748268  1.7571216   0.74460035  0.72327364
  1.01850514  2.33832141  2.35041947  3.24098646  2.77600129  4.44595668]",1.1135
468,0.6931,0.6932,"[ 2.48518264  4.85835813 -0.48419176  1.76264334  0.73986654  0.71795738
  1.01388142  2.342858    2.3557307   3.24628215  2.77056741  4.4402254 ]",1.1189
469,0.6932,0.6762,"[ 2.48108903  4.86301595 -0.48930969  1.75848668  0.74438857  0.72220165
  1.01845343  2.33825523  2.35148769  3.24202946  2.77475995  4.44430564]",1.1152
470,0.6931,0.6963,"[ 2.48315325  4.86088234 -0.4880031   1.76058799  0.74217283  0.72005609
  1.01625986  2.34043747  2.35363595  3.24417982  2.7726369   4.44224999]",1.1162
471,0.6932,0.6716,"[ 2.48138263  4.86163575 -0.4883531   1.75895289  0.74308227  0.72151958
  1.01708025  2.33972154  2.35218291  3.24273574  2.77419641  4.44405082]",1.1139
472,0.6932,0.7007,"[ 2.47736784  4.86492848 -0.49056075  1.75494987  0.74661271  0.72547766
  1.02049077  2.33645262  2.34823112  3.23878575  2.77818286  4.44806607]",1.1108
473,0.6933,0.6707,"[ 2.47921664  4.86407941 -0.4906209   1.7566942   0.74552056  0.72387808
  1.01949854  2.33736585  2.34982347  3.2403689   2.77649617  4.44619588]",1.1124
474,0.6931,0.6766,"[ 2.47710889  4.86679474 -0.49392918  1.75451428  0.74808449  0.72614887
  1.02212688  2.33470017  2.34753751  3.23808496  2.77871119  4.44828922]",1.1108
475,0.6931,0.6626,"[ 2.48301953  4.86173937 -0.49023359  1.76035798  0.74276215  0.72039987
  1.01692559  2.33980361  2.35326956  3.24381931  2.77290321  4.44236583]",1.1155
476,0.6931,0.689,"[ 2.48110543  4.86344823 -0.49242068  1.75849407  0.74442906  0.72220297
  1.01859533  2.33814201  2.35147165  3.24202326  2.77473824  4.44429139]",1.1131
477,0.6932,0.7208,"[ 2.48304135  4.86197974 -0.49162892  1.76038482  0.74281739  0.72037144
  1.01704319  2.33965597  2.35329187  3.24384566  2.7728697   4.44234665]",1.1147
478,0.6932,0.6894,"[ 2.47532383  4.86810802 -0.49674934  1.75285033  0.74925118  0.72766788
  1.02331207  2.33356136  2.34603414  3.23658323  2.7803041   4.45010228]",1.1075
479,0.6933,0.6827,"[ 2.47749815  4.86519344 -0.49378948  1.75513089  0.74643481  0.72525675
  1.02043429  2.33651127  2.34846574  3.23901212  2.77796777  4.44795073]",1.1084
480,0.6931,0.6936,"[ 2.48139987  4.86207063 -0.49155507  1.75896114  0.74308937  0.72152515
  1.01717981  2.33969355  2.35218173  3.24272975  2.77417452  4.44403518]",1.1116
481,0.6932,0.6806,"[ 2.47936727  4.86436444 -0.49428579  1.75690463  0.74528847  0.72361338
  1.01941055  2.33744964  2.35008852  3.24063706  2.77624184  4.44606327]",1.1097
482,0.693,0.6662,"[ 2.48328436  4.8612626  -0.49238589  1.76076023  0.74193743  0.71985239
  1.01614894  2.34061733  2.35384812  3.24438833  2.77242352  4.4421337 ]",1.1129
483,0.6932,0.687,"[ 2.48330002  4.86114864 -0.49249329  1.76078651  0.74180954  0.7198082
  1.01601613  2.34077476  2.35389271  3.24443444  2.77238789  4.44212051]",1.1126
484,0.6931,0.6897,"[ 2.47949979  4.86407308 -0.49514836  1.75710881  0.74485176  0.72332825
  1.01899654  2.33788091  2.35038661  3.24093242  2.77599605  4.44594789]",1.1085
485,0.6933,0.711,"[ 2.48206946  4.86059121 -0.49187145  1.7599171   0.74140232  0.72028518
  1.0155224   2.34139768  2.35343943  3.24399551  2.77307658  4.44344061]",1.1095
486,0.6932,0.7017,"[ 2.48209619  4.86023209 -0.49118064  1.75996429  0.74112078  0.72020238
  1.01520591  2.34178196  2.35352384  3.24408235  2.77301365  4.44341814]",1.1095
487,0.6932,0.7098,"[ 2.47803008  4.86453729 -0.49572138  1.75585693  0.7453707   0.72435857
  1.01947192  2.3375226   2.34936317  3.23992092  2.77713956  4.44747554]",1.106
488,0.6929,0.7268,"[ 2.48401992  4.85869443 -0.49051304  1.76183857  0.73944798  0.71838863
  1.01356781  2.34341828  2.35533369  3.24588994  2.77116083  4.44148425]",1.1108
489,0.6932,0.7177,"[ 2.48776424  4.8563396  -0.48978867  1.76542821  0.73675151  0.71501224
  1.01097434  2.34587159  2.35872098  3.24925171  2.76766234  4.43770429]",1.1144
490,0.693,0.6783,"[ 2.47969565  4.86464963 -0.49806995  1.75731539  0.74501705  0.72317729
  1.01925591  2.33760312  2.3505464   3.2410796   2.77579504  4.44576375]",1.1071
491,0.6931,0.6796,"[ 2.47959822  4.86533751 -0.49938871  1.75715152  0.74554847  0.7234263
  1.01984845  2.33696457  2.3502794   3.24081806  2.7759914   4.44584794]",1.107
492,0.6932,0.7085,"[ 2.48379478  4.86046001 -0.49434358  1.76145731  0.74075686  0.71899438
  1.01500642  2.34187734  2.35473408  3.24526682  2.77162989  4.44167602]",1.1101
493,0.6932,0.6899,"[ 2.47780716  4.8663198  -0.50019447  1.7554789   0.74662601  0.72495706
  1.0208621   2.33605726  2.34877518  3.23930673  2.77760045  4.44766558]",1.1048
494,0.6931,0.6953,"[ 2.48171236  4.86305187 -0.49785848  1.75931934  0.74317187  0.72120101
  1.0174757   2.33938139  2.35251465  3.24305078  2.77379201  4.44374747]",1.1079
495,0.6932,0.6876,"[ 2.47976341  4.86460273 -0.49916986  1.75740612  0.74479327  0.72305975
  1.01906336  2.3378603   2.35066143  3.24119863  2.77568099  4.44570405]",1.106
496,0.6932,0.719,"[ 2.4775923   4.86653327 -0.50044951  1.75517408  0.746861    0.72532023
  1.02107448  2.33594851  2.34839446  3.23893621  2.77792699  4.44785882]",1.1046
497,0.6932,0.6854,"[ 2.47964271  4.86415581 -0.49807758  1.75725943  0.74453037  0.72318661
  1.01871117  2.33836194  2.35054073  3.24107775  2.77582085  4.44581551]",1.1059
498,0.693,0.7021,"[ 2.47773108  4.86525293 -0.49843335  1.75541361  0.74583322  0.72493607
  1.01992169  2.33727723  2.34881341  3.23934329  2.77762826  4.44773991]",1.1042
499,0.6928,0.7164,"[ 2.47764389  4.86557558 -0.49908832  1.75527935  0.7460956   0.72511959
  1.02020146  2.33699913  2.34862433  3.2391548   2.77778181  4.44781645]",1.1041
